,Rk,Player,Age,Tm,Pos,GP,G,A,PTS,+/-,PIM,PS,EV,PP,SH,GW,EV,PP,SH,S,S%,TOI,ATOI,SEASON
0,1,Greg Adams,32,DAL,LW,66,22,21,43,-21,33,3.4,10,11,1,1,11,9,1,140,15.7,,,1996
1,2,Micah Aivazoff,26,NYI,C,12,0,1,1,-6,6,-0.4,0,0,0,0,0,1,0,8,0.0,,,1996
2,3,Tommy Albelin,31,TOT,D,73,1,13,14,1,18,4.7,1,0,0,0,7,6,0,121,0.8,,,1996
5,4,Daniel Alfredsson*,23,OTT,RW,82,26,35,61,-18,28,5.3,16,8,2,3,17,18,0,212,12.3,,,1996
6,5,Peter Allen,25,PIT,D,8,0,0,0,2,8,0.2,0,0,0,0,0,0,0,2,0.0,,,1996
7,6,Jason Allison,20,WSH,C,19,0,3,3,-3,2,-0.3,0,0,0,0,2,1,0,18,0.0,,,1996
8,7,Tony Amonte,25,CHI,RW,81,31,32,63,10,62,6.0,22,5,4,5,19,13,0,216,14.4,,,1996
9,8,Glenn Anderson*,35,TOT,RW,32,6,8,14,-11,33,0.6,4,2,0,1,8,0,0,71,8.5,,,1996
12,9,Mikael Andersson,29,TBL,RW,64,8,11,19,0,2,0.9,8,0,0,1,11,0,0,104,7.7,,,1996
13,10,Niklas Andersson,24,NYI,LW,47,14,12,26,-3,12,2.3,9,3,2,1,11,1,0,89,15.7,,,1996
14,11,Dave Andreychuk*,32,TOT,LW,76,28,29,57,-9,64,5.4,12,14,2,3,14,14,1,241,11.6,,,1996
17,12,Greg Andrusak,26,PIT,D,2,0,0,0,-1,0,-0.1,0,0,0,0,0,0,0,1,0.0,,,1996
18,13,Shawn Antoski,25,PHI,LW,64,1,3,4,-4,204,-1.4,1,0,0,0,3,0,0,34,2.9,,,1996
19,14,Dave Archibald,26,OTT,C,44,6,4,10,-14,18,0.0,6,0,0,1,2,2,0,56,10.7,,,1996
20,15,Derek Armstrong,22,NYI,C,19,1,3,4,-6,14,-0.2,1,0,0,0,2,1,0,23,4.3,,,1996
21,16,Jason Arnott,21,EDM,C,64,28,31,59,-6,87,5.7,20,8,0,5,23,8,0,244,11.5,,,1996
22,17,Mark Astley,26,BUF,D,60,2,18,20,-12,80,2.9,2,0,0,0,11,7,0,80,2.5,,,1996
23,18,Adrian Aucoin,22,VAN,D,49,4,14,18,8,34,3.5,2,2,0,0,8,6,0,85,4.7,,,1996
24,19,Donald Audette,26,BUF,RW,23,12,13,25,0,18,2.6,4,8,0,1,6,7,0,92,13.0,,,1996
25,20,Dave Babych,34,VAN,D,53,3,21,24,-5,38,3.1,0,3,0,0,14,6,1,69,4.3,,,1996
26,Rk,Player,Age,Tm,Pos,GP,G,A,PTS,+/-,PIM,PS,EV,PP,SH,GW,EV,PP,SH,S,S%,TOI,ATOI,1996
27,21,Jamie Baker,29,SJS,C,77,16,17,33,-19,79,1.6,8,2,6,0,16,0,1,117,13.7,,,1996
28,22,Drew Bannister,21,TBL,D,13,0,1,1,-1,4,0.6,0,0,0,0,1,0,0,10,0.0,,,1996
29,23,Matthew Barnaby,22,BUF,RW,73,15,16,31,-2,335,2.0,15,0,0,0,16,0,0,131,11.5,,,1996
30,24,Stu Barnes,25,FLA,C,72,19,25,44,-12,46,3.3,11,8,0,5,12,13,0,158,12.0,,,1996
31,25,Murray Baron,28,STL,D,82,2,9,11,3,190,4.6,2,0,0,0,9,0,0,86,2.3,,,1996
32,26,Len Barrie,26,PIT,C,5,0,0,0,-1,18,-0.2,0,0,0,0,0,0,0,5,0.0,,,1996
33,27,Bob Bassen,30,DAL,C,13,0,1,1,-6,15,-0.4,0,0,0,0,1,0,0,9,0.0,,,1996
34,28,Ruslan Batyrshin,20,LAK,D,2,0,0,0,0,6,0.1,0,0,0,0,0,0,0,0,,,,1996
35,29,Ken Baumgartner,29,TOT,LW,72,2,4,6,-5,193,-1.2,2,0,0,1,4,0,0,32,6.3,,,1996
38,30,Nolan Baumgartner,19,WSH,D,1,0,0,0,-1,0,0.0,0,0,0,0,0,0,0,0,,,,1996
39,31,Sergei Bautin,28,SJS,D,1,0,0,0,-1,2,0.0,0,0,0,0,0,0,0,0,,,,1996
40,32,Clayton Beddoes,25,BOS,C,39,1,6,7,-5,44,-0.5,1,0,0,0,6,0,0,18,5.6,,,1996
41,33,Bob Beers,28,NYI,D,13,0,5,5,-2,10,0.7,0,0,0,0,2,3,0,9,0.0,,,1996
42,34,Jesse Bélanger,26,TOT,C,72,20,21,41,-5,14,3.3,12,8,0,2,8,13,0,151,13.2,,,1996
45,35,Ken Belanger,21,NYI,LW,7,0,0,0,-2,27,-0.2,0,0,0,0,0,0,0,0,,,,1996
46,36,Brian Bellows,31,TBL,RW,79,23,26,49,-14,39,4.1,10,13,0,4,12,14,0,190,12.1,,,1996
47,37,Josef Beránek,26,VAN,LW,61,6,14,20,-11,60,0.1,6,0,0,1,13,1,0,131,4.6,,,1996
48,38,Drake Berehowsky,24,PIT,D,1,0,0,0,1,0,0.1,0,0,0,0,0,0,0,0,,,,1996
49,39,Aki Berg,18,LAK,D,51,0,7,7,-13,29,1.0,0,0,0,0,7,0,0,56,0.0,,,1996
50,40,Bill Berg,28,TOT,LW,41,3,2,5,-6,41,-0.6,2,0,1,0,2,0,0,60,5.0,,,1996
54,41,Marc Bergevin,30,DET,D,70,1,9,10,7,33,4.1,1,0,0,0,8,0,1,26,3.8,,,1996
55,42,Stefan Bergkvist,20,PIT,D,2,0,0,0,0,2,0.0,0,0,0,0,0,0,0,4,0.0,,,1996
56,43,Todd Bertuzzi,20,NYI,RW,76,18,21,39,-14,83,2.7,14,4,0,2,18,3,0,127,14.2,,,1996
57,44,Craig Berube,30,WSH,LW,50,2,10,12,1,151,0.0,1,1,0,1,9,1,0,28,7.1,,,1996
58,45,Jeff Beukeboom,30,NYR,D,82,3,11,14,19,220,4.8,3,0,0,1,11,0,0,65,4.6,,,1996
59,46,James Black,26,CHI,C,13,3,3,6,1,16,0.4,3,0,0,1,3,0,0,23,13.0,,,1996
60,47,Rob Blake*,26,LAK,D,6,1,2,3,0,8,0.5,1,0,0,0,0,2,0,13,7.7,,,1996
61,48,Arto Blomsten,30,LAK,D,2,0,1,1,1,0,0.2,0,0,0,0,1,0,0,1,0.0,,,1996
62,49,Doug Bodger,29,TOT,D,73,4,24,28,-24,68,2.6,1,3,0,0,11,12,1,121,3.3,,,1996
65,50,Lonny Bohonos,22,VAN,RW,3,0,1,1,1,0,0.0,0,0,0,0,1,0,0,3,0.0,,,1996
66,51,Peter Bondra,27,WSH,RW,67,52,28,80,18,40,10.2,37,11,4,7,16,11,1,322,16.1,,,1996
67,52,Radek Bonk,20,OTT,LW,76,16,19,35,-5,36,2.7,11,5,0,1,12,7,0,161,9.9,,,1996
68,53,Jason Bonsignore,19,EDM,C,20,0,2,2,-6,4,-0.5,0,0,0,0,2,0,0,13,0.0,,,1996
69,54,Dennis Bonvie,22,EDM,RW,8,0,0,0,-3,47,-0.3,0,0,0,0,0,0,0,0,,,,1996
70,55,Sébastien Bordeleau,20,MTL,C,4,0,0,0,-1,0,-0.1,0,0,0,0,0,0,0,0,,,,1996
71,56,Nikolai Borschevsky,31,DAL,RW,12,1,3,4,-7,6,-0.1,1,0,0,1,2,1,0,22,4.5,,,1996
72,57,Joël Bouchard,22,CGY,D,4,0,0,0,0,4,0.1,0,0,0,0,0,0,0,0,,,,1996
73,58,Philippe Boucher,22,LAK,D,53,7,16,23,-26,31,2.2,2,5,0,1,5,11,0,145,4.8,,,1996
74,59,Bob Boughner,24,BUF,D,31,0,1,1,3,104,1.2,0,0,0,0,1,0,0,14,0.0,,,1996
75,60,Phil Bourque,33,OTT,LW,13,1,1,2,-3,14,-0.1,1,0,0,0,1,0,0,12,8.3,,,1996
77,61,Ray Bourque*,35,BOS,D,82,20,62,82,31,58,13.0,9,9,2,2,33,29,0,390,5.1,,,1996
78,62,Jason Bowen,22,PHI,D,2,0,0,0,0,2,0.1,0,0,0,0,0,0,0,2,0.0,,,1996
79,63,Zac Boyer,24,DAL,RW,2,0,0,0,0,0,0.0,0,0,0,0,0,0,0,3,0.0,,,1996
80,64,Brian Bradley,31,TBL,C,75,23,56,79,-11,77,6.9,14,9,0,5,24,32,0,189,12.2,,,1996
81,65,Donald Brashear,24,MTL,LW,67,0,4,4,-10,223,-1.8,0,0,0,0,4,0,0,25,0.0,,,1996
82,66,Aris Brimanis,23,PHI,D,17,0,2,2,-1,12,0.7,0,0,0,0,2,0,0,11,0.0,,,1996
83,67,Rod Brind'Amour,25,PHI,LW,82,26,61,87,20,110,8.2,18,4,4,5,37,22,2,213,12.2,,,1996
84,68,Patrice Brisebois,25,MTL,D,69,9,27,36,10,65,6.6,6,3,0,1,11,16,0,127,7.1,,,1996
85,69,Neal Broten,36,NJD,C,55,7,16,23,-3,14,1.4,5,1,1,1,9,5,2,73,9.6,,,1996
86,70,Paul Broten,30,STL,RW,17,0,1,1,-1,4,-0.3,0,0,0,0,1,0,0,11,0.0,,,1996
87,71,Paul Brousseau,22,COL,RW,8,1,1,2,1,2,0.0,1,0,0,0,1,0,0,10,10.0,,,1996
88,72,Curtis Brown,19,BUF,C,4,0,0,0,0,0,-0.1,0,0,0,0,0,0,0,1,0.0,,,1996
89,73,Dave Brown,33,SJS,RW,37,3,1,4,4,46,-0.3,3,0,0,0,1,0,0,8,37.5,,,1996
90,74,Doug Brown,31,DET,LW,62,12,15,27,11,4,2.0,11,0,1,1,11,2,2,115,10.4,,,1996
91,75,Jeff Brown,29,TOT,D,76,8,47,55,8,56,8.0,3,5,0,0,21,26,0,177,4.5,,,1996
94,76,Kevin Brown,21,LAK,RW,7,1,0,1,-2,4,-0.1,1,0,0,0,0,0,0,9,11.1,,,1996
95,77,Benoît Brunet,27,MTL,LW,26,7,8,15,-4,17,1.1,3,3,1,4,5,3,0,48,14.6,,,1996
96,78,Andrew Brunette,22,WSH,LW,11,3,3,6,5,0,0.7,3,0,0,1,3,0,0,16,18.8,,,1996
97,79,Sergei Brylin,22,NJD,C,50,4,5,9,-2,26,0.0,4,0,0,1,5,0,0,51,7.8,,,1996
98,80,Kelly Buchberger,29,EDM,RW,82,11,14,25,-20,184,0.5,9,0,2,3,10,0,4,119,9.2,,,1996
100,81,Pavel Bure*,24,VAN,LW,15,6,7,13,-2,8,1.1,4,1,1,0,3,4,0,78,7.7,,,1996
101,82,Valeri Bure,21,MTL,RW,77,22,20,42,10,28,3.9,17,5,0,1,12,8,0,143,15.4,,,1996
102,83,Marc Bureau,29,MTL,C,65,3,7,10,-3,46,-0.7,3,0,0,1,5,1,1,43,7.0,,,1996
103,84,Shawn Burr,29,TBL,LW,81,13,15,28,4,119,1.9,12,1,0,2,15,0,0,122,10.7,,,1996
104,85,Randy Burridge,30,BUF,LW,74,25,33,58,0,30,5.3,19,6,0,3,17,16,0,154,16.2,,,1996
105,86,Adam Burt,27,HAR,D,78,4,9,13,-4,121,3.4,4,0,0,1,8,1,0,90,4.4,,,1996
106,87,Viacheslav Butsayev,25,MDA,C,7,1,0,1,-4,0,-0.1,1,0,0,0,0,0,0,9,11.1,,,1996
107,88,Dan Bylsma,25,LAK,LW,4,0,0,0,0,0,-0.1,0,0,0,0,0,0,0,6,0.0,,,1996
108,89,Jan Čaloun,23,SJS,RW,11,8,3,11,4,0,1.5,6,2,0,0,3,0,0,20,40.0,,,1996
109,90,Jim Campbell,22,MDA,C,16,2,3,5,0,36,0.2,1,1,0,0,2,1,0,25,8.0,,,1996
110,91,Guy Carbonneau*,35,DAL,C,71,8,15,23,-2,38,0.9,6,0,2,1,14,0,1,54,14.8,,,1996
111,92,Terry Carkner,29,FLA,D,73,3,10,13,10,80,4.9,2,1,0,0,8,2,0,42,7.1,,,1996
112,93,Patrik Carnbäck,27,MDA,RW,34,6,12,18,3,34,1.2,5,1,0,0,8,4,0,54,11.1,,,1996
113,94,Keith Carney,25,CHI,D,82,5,14,19,31,94,6.5,4,1,0,1,13,0,1,69,7.2,,,1996
114,95,Bobby Carpenter,32,NJD,LW,52,5,5,10,-10,14,-0.1,4,0,1,0,5,0,0,63,7.9,,,1996
115,96,Jimmy Carson,27,HAR,C,11,1,0,1,1,0,-0.1,1,0,0,0,0,0,0,9,11.1,,,1996
116,97,Mike Casselman,27,FLA,C,3,0,0,0,-1,0,-0.1,0,0,0,0,0,0,0,2,0.0,,,1996
117,98,Andrew Cassels,26,HAR,C,81,20,43,63,8,39,5.5,14,6,0,1,24,17,2,135,14.8,,,1996
118,99,Paul Cavallini,30,DAL,D,8,0,0,0,-3,6,0.1,0,0,0,0,0,0,0,5,0.0,,,1996
119,100,Shawn Chambers,29,NJD,D,64,2,21,23,1,18,5.5,0,2,0,1,8,13,0,112,1.8,,,1996
121,101,Éric Charron,26,TOT,D,18,0,1,1,-3,22,0.6,0,0,0,0,1,0,0,13,0.0,,,1996
124,102,Kelly Chase,28,HAR,RW,55,2,4,6,-4,230,-0.9,2,0,0,1,4,0,0,19,10.5,,,1996
125,103,Denis Chassé,25,TOT,RW,60,3,0,3,-14,125,-1.4,2,1,0,1,0,0,0,31,9.7,,,1996
129,104,Chris Chelios*,34,CHI,D,81,14,58,72,25,140,11.3,7,7,0,3,28,24,6,219,6.4,,,1996
130,105,Steve Chiasson,28,CGY,D,76,8,25,33,3,62,6.5,3,5,0,2,13,11,1,175,4.6,,,1996
131,106,Tom Chorske,29,OTT,LW,72,15,14,29,-9,21,2.0,13,0,2,1,13,1,0,118,12.7,,,1996
132,107,Jeff Christian,25,PIT,LW,3,0,0,0,0,2,-0.1,0,0,0,0,0,0,0,0,,,,1996
133,108,Shane Churla,30,TOT,RW,55,4,6,10,-8,231,-0.4,4,0,0,0,5,1,0,32,12.5,,,1996
137,109,Dean Chynoweth,27,TOT,D,49,2,6,8,-5,128,1.8,2,0,0,0,6,0,0,38,5.3,,,1996
140,110,Dino Ciccarelli*,35,DET,RW,64,22,21,43,14,99,4.3,9,13,0,5,14,7,0,107,20.6,,,1996
141,111,Enrico Ciccone,25,TOT,D,66,2,4,6,1,306,3.3,2,0,0,0,3,1,0,60,3.3,,,1996
144,112,Zdeno Cíger,26,EDM,LW,78,31,39,70,-15,41,6.3,19,12,0,3,20,19,0,184,16.8,,,1996
145,113,Joe Cirella,32,OTT,D,6,0,0,0,-3,4,0.0,0,0,0,0,0,0,0,3,0.0,,,1996
146,114,Wendel Clark,29,TOT,LW,71,32,26,58,-5,76,6.0,24,8,0,3,16,10,0,237,13.5,,,1996
149,115,Paul Coffey*,34,DET,D,76,14,60,74,19,90,11.7,10,3,1,3,30,30,0,234,6.0,,,1996
150,116,Danton Cole,29,TOT,RW,12,1,0,1,0,0,-0.1,1,0,0,0,0,0,0,6,16.7,,,1996
153,117,Pat Conacher,36,TOT,C,55,6,3,9,-13,18,-0.5,5,0,1,2,3,0,0,45,13.3,,,1996
157,118,Rob Conn,27,BUF,RW,28,2,5,7,-9,18,-0.2,2,0,0,0,5,0,0,36,5.6,,,1996
158,119,Craig Conroy,24,MTL,C,7,0,0,0,-4,2,-0.3,0,0,0,0,0,0,0,1,0.0,,,1996
159,120,Brandon Convery,21,TOR,C,11,5,2,7,-7,4,0.6,2,3,0,1,2,0,0,16,31.3,,,1996
161,121,René Corbet,22,COL,LW,33,3,6,9,10,33,0.3,3,0,0,0,6,0,0,35,8.6,,,1996
162,122,Bob Corkum,28,TOT,C,76,9,10,19,3,34,0.5,9,0,0,3,9,0,1,126,7.1,,,1996
165,123,Mark Cornforth,23,BOS,D,6,0,0,0,4,4,0.4,0,0,0,0,0,0,0,1,0.0,,,1996
166,124,Shayne Corson,29,STL,LW,77,18,28,46,3,192,4.0,5,13,0,0,18,9,1,150,12.0,,,1996
167,125,Patrick Côté,21,DAL,LW,2,0,0,0,-2,5,-0.1,0,0,0,0,0,0,0,0,,,,1996
168,126,Sylvain Côté,30,WSH,D,81,5,33,38,5,40,7.5,2,3,0,2,19,12,2,212,2.4,,,1996
169,127,Geoff Courtnall,33,STL,LW,69,24,16,40,-9,101,3.8,16,7,1,1,9,7,0,228,10.5,,,1996
170,128,Russ Courtnall,30,VAN,RW,81,26,39,65,25,40,6.3,16,6,4,4,30,4,5,205,12.7,,,1996
171,129,Larry Courville,20,VAN,LW,3,1,0,1,1,0,0.1,1,0,0,1,0,0,0,2,50.0,,,1996
172,130,Rob Cowie,28,LAK,D,46,5,5,10,-16,32,1.4,3,2,0,0,3,2,0,86,5.8,,,1996
173,131,Mike Craig,24,TOR,LW,70,8,12,20,-8,42,0.5,7,1,0,1,12,0,0,108,7.4,,,1996
174,132,Murray Craven,31,CHI,LW,66,18,29,47,20,36,4.3,12,5,1,7,27,1,1,86,20.9,,,1996
175,133,Adam Creighton,30,STL,C,61,11,10,21,0,78,1.4,9,2,0,3,6,4,0,98,11.2,,,1996
176,134,Cory Cross,25,TBL,D,75,2,14,16,4,66,4.9,2,0,0,0,14,0,0,57,3.5,,,1996
177,135,Troy Crowder,27,LAK,RW,15,1,0,1,-3,42,-0.3,1,0,0,0,0,0,0,11,9.1,,,1996
178,136,Phil Crowe,25,PHI,LW,16,1,1,2,0,28,-0.2,1,0,0,0,1,0,0,6,16.7,,,1996
179,137,John Cullen,31,TBL,C,76,16,34,50,1,65,4.1,8,8,0,3,22,12,0,152,10.5,,,1996
180,138,Jassen Cullimore,23,VAN,D,27,1,1,2,4,21,1.1,1,0,0,1,1,0,0,12,8.3,,,1996
181,139,Jim Cummins,25,CHI,RW,52,2,4,6,-1,180,-0.8,2,0,0,2,4,0,0,34,5.9,,,1996
182,140,Randy Cunneyworth,34,OTT,LW,81,17,19,36,-31,130,1.9,13,4,0,2,15,4,0,142,12.0,,,1996
184,141,Mariusz Czerkawski,23,TOT,RW,70,17,23,40,-4,18,3.0,14,3,0,1,17,6,0,142,12.0,,,1996
187,142,Kevin Dahl,27,CGY,D,32,1,1,2,-2,26,1.2,1,0,0,1,1,0,0,17,5.9,,,1996
188,143,Ulf Dahlén,29,SJS,RW,59,16,12,28,-21,27,1.6,11,5,0,2,8,4,0,103,15.5,,,1996
189,144,Chris Dahlquist,33,OTT,D,24,1,1,2,-7,14,0.6,1,0,0,0,1,0,0,13,7.7,,,1996
190,145,Alexandre Daigle,20,OTT,C,50,5,12,17,-30,24,-0.1,4,1,0,0,7,5,0,77,6.5,,,1996
191,146,J.J. Daigneault,30,TOT,D,57,4,7,11,-6,53,2.7,2,2,0,0,1,6,0,61,6.6,,,1996
195,147,Brad Dalgarno,28,NYI,RW,18,1,2,3,-2,14,-0.2,1,0,0,0,1,1,0,11,9.1,,,1996
196,148,Vincent Damphousse,28,MTL,C,80,38,56,94,5,158,9.6,23,11,4,3,31,24,1,254,15.0,,,1996
197,149,Mathieu Dandenault,19,DET,RW,34,5,7,12,6,6,0.7,4,1,0,0,7,0,0,32,15.6,,,1996
198,150,Ken Daneyko,31,NJD,D,80,2,4,6,-10,115,4.1,2,0,0,0,3,1,0,67,3.0,,,1996
199,151,Scott Daniels,26,HAR,LW,53,3,4,7,-4,254,-0.6,3,0,0,0,4,0,0,43,7.0,,,1996
200,152,Craig Darby,23,NYI,C,10,0,2,2,-1,0,-0.1,0,0,0,0,2,0,0,1,0.0,,,1996
201,153,Jason Dawe,22,BUF,RW,67,25,25,50,-8,33,4.5,16,8,1,0,18,7,0,130,19.2,,,1996
202,154,Éric Dazé,20,CHI,LW,80,30,23,53,16,18,5.3,28,2,0,2,19,4,0,167,18.0,,,1996
203,155,Greg de Vries,23,EDM,D,13,1,1,2,-2,12,0.5,1,0,0,0,1,0,0,8,12.5,,,1996
204,156,Adam Deadmarsh,20,COL,RW,78,21,27,48,20,142,4.2,18,3,0,2,22,5,0,151,13.9,,,1996
205,157,Kevin Dean,26,NJD,D,41,0,6,6,4,28,2.8,0,0,0,0,4,2,0,29,0.0,,,1996
206,158,Louie DeBrusk,24,EDM,LW,38,1,3,4,-7,96,-0.7,1,0,0,0,3,0,0,17,5.9,,,1996
207,159,Pavol Demitra,21,OTT,RW,31,7,10,17,-3,6,1.3,5,2,0,1,6,4,0,66,10.6,,,1996
208,160,Éric Desjardins,26,PHI,D,80,7,40,47,19,45,8.7,2,5,0,2,13,25,2,184,3.8,,,1996
210,161,Jarrett Deuling,21,NYI,LW,14,0,1,1,-1,11,-0.3,0,0,0,0,1,0,0,11,0.0,,,1996
211,162,Gerald Diduck,30,HAR,D,79,1,9,10,7,88,3.6,1,0,0,0,8,0,1,93,1.1,,,1996
212,163,Rob DiMaio,27,PHI,RW,59,6,15,21,0,58,0.8,4,1,1,0,14,0,1,49,12.2,,,1996
213,164,Kevin Dineen,32,TOT,RW,46,2,9,11,-1,117,-0.1,2,0,0,0,6,3,0,66,3.0,,,1996
216,165,Gilbert Dionne,25,TOT,LW,7,1,3,4,0,0,0.3,1,0,0,0,3,0,0,12,8.3,,,1996
219,166,Paul DiPietro,25,TOR,C,20,4,4,8,-3,4,0.5,3,1,0,0,3,1,0,23,17.4,,,1996
220,167,Robert Dirk,29,TOT,D,47,1,2,3,8,48,2.3,1,0,0,0,2,0,0,20,5.0,,,1996
223,168,Shane Doan,19,WIN,RW,74,7,10,17,-9,101,-0.3,6,1,0,3,7,3,0,106,6.6,,,1996
224,169,Jason Doig,19,WIN,D,15,1,1,2,-2,28,0.4,1,0,0,0,1,0,0,7,14.3,,,1996
225,170,Bobby Dollas,31,MDA,D,82,8,22,30,9,64,6.3,7,0,1,1,13,8,1,117,6.8,,,1996
226,171,Tie Domi,26,TOR,RW,72,7,6,13,-3,297,-0.1,7,0,0,1,6,0,0,61,11.5,,,1996
227,172,Ted Donato,26,BOS,LW,82,23,26,49,6,46,4.3,16,7,0,1,16,8,2,152,15.1,,,1996
228,173,Mike Donnelly,32,DAL,LW,24,2,5,7,-2,10,0.1,2,0,0,0,4,1,0,21,9.5,,,1996
229,174,Shean Donovan,21,SJS,RW,74,13,8,21,-17,39,0.4,12,0,1,2,8,0,0,73,17.8,,,1996
230,175,Peter Douris,29,MDA,RW,31,8,7,15,-3,9,1.0,6,2,0,3,5,2,0,45,17.8,,,1996
231,176,Jim Dowd,27,TOT,C,66,5,15,20,-9,23,0.2,5,0,0,0,13,0,2,76,6.6,,,1996
234,177,Dallas Drake,26,WIN,RW,69,19,20,39,-7,36,2.9,11,4,4,2,16,3,1,121,15.7,,,1996
235,178,Kris Draper,24,DET,C,52,7,9,16,2,32,0.6,6,0,1,0,7,0,2,51,13.7,,,1996
236,179,Bruce Driver,33,NYR,D,66,3,34,37,2,42,5.3,0,3,0,0,15,19,0,140,2.1,,,1996
237,180,Ivan Droppa,23,CHI,D,7,0,0,0,2,2,0.3,0,0,0,0,0,0,0,1,0.0,,,1996
239,181,John Druce,29,TOT,RW,77,13,16,29,-20,27,0.9,13,0,0,0,11,4,1,128,10.2,,,1996
242,182,Ted Drury,24,OTT,C,42,9,7,16,-19,54,0.7,8,1,0,1,5,2,0,80,11.3,,,1996
243,183,Steve Dubinsky,25,CHI,C,43,2,3,5,3,14,-0.5,2,0,0,0,3,0,0,33,6.1,,,1996
244,184,Steve Duchesne,30,OTT,D,62,12,24,36,-23,42,4.9,5,7,0,2,5,19,0,163,7.4,,,1996
245,185,Donald Dufresne,28,TOT,D,45,1,6,7,-4,20,1.8,1,0,0,0,6,0,0,21,4.8,,,1996
248,186,Yanick Dupré,23,PHI,LW,12,2,0,2,0,8,0.0,2,0,0,1,0,0,0,10,20.0,,,1996
249,187,Radek Dvořák,18,FLA,RW,77,13,14,27,5,20,1.7,13,0,0,4,13,1,0,126,10.3,,,1996
250,188,Karl Dykhuis,23,PHI,D,82,5,15,20,12,101,5.9,4,1,0,0,8,7,0,104,4.8,,,1996
251,189,Joe Dziedzic,24,PIT,LW,69,5,5,10,-5,68,-1.2,5,0,0,3,5,0,0,44,11.4,,,1996
252,190,Mike Eagles,32,WSH,C,70,4,7,11,-1,75,-0.4,4,0,0,0,5,0,2,70,5.7,,,1996
253,191,Dallas Eakins,28,TOT,D,18,0,1,1,-1,34,0.7,0,0,0,0,1,0,0,6,0.0,,,1996
256,192,Mike Eastwood,28,WIN,C,80,14,14,28,-14,20,1.0,12,2,0,3,13,1,0,94,14.9,,,1996
257,193,Allan Egeland,23,TBL,C,5,0,0,0,0,2,-0.1,0,0,0,0,0,0,0,1,0.0,,,1996
258,194,Patrik Eliáš,19,NJD,RW,1,0,0,0,-1,0,-0.1,0,0,0,0,0,0,0,2,0.0,,,1996
259,195,Todd Elik,29,BOS,LW,59,13,33,46,2,40,3.6,7,6,0,2,23,10,0,108,12.0,,,1996
260,196,Dave Ellett,31,TOR,D,80,3,19,22,-10,59,4.4,1,1,1,0,12,6,1,153,2.0,,,1996
261,197,Pat Elynuik,28,OTT,RW,29,1,2,3,2,16,-0.2,1,0,0,0,2,0,0,27,3.7,,,1996
262,198,Nelson Emerson,28,HAR,RW,81,29,29,58,-7,78,5.3,15,12,2,5,13,16,0,247,11.7,,,1996
263,199,Anders Eriksson,21,DET,D,1,0,0,0,1,2,0.1,0,0,0,0,0,0,0,0,,,,1996
264,200,Bob Errey,31,DET,LW,71,11,21,32,30,66,2.7,7,2,2,2,19,1,1,85,12.9,,,1996
266,201,Dean Evason,31,CGY,C,67,7,7,14,-6,38,0.0,6,1,0,1,4,2,1,68,10.3,,,1996
267,202,Todd Ewen,29,MDA,RW,53,4,3,7,-5,285,-0.6,4,0,0,1,3,0,0,52,7.7,,,1996
268,203,Kelly Fairchild,22,TOR,C,1,0,1,1,1,2,0.1,0,0,0,0,1,0,0,1,0.0,,,1996
269,204,Pat Falloon,23,TOT,RW,71,25,26,51,14,10,5.1,16,9,0,2,16,10,0,170,14.7,,,1996
272,205,Glen Featherstone,27,HAR,D,68,2,10,12,10,138,3.8,2,0,0,1,10,0,0,62,3.2,,,1996
273,206,Sergei Fedorov*,26,DET,RW,78,39,68,107,49,48,12.0,25,11,3,11,40,26,2,306,12.7,,,1996
274,207,Brent Fedyk,28,TOT,LW,65,20,14,34,-16,54,2.5,12,8,0,0,9,4,1,113,17.7,,,1996
277,208,Craig Ferguson,25,TOT,C,18,1,0,1,-9,6,-0.6,1,0,0,0,0,0,0,20,5.0,,,1996
280,209,Chris Ferraro,23,NYR,RW,2,1,0,1,-3,0,0.0,0,1,0,0,0,0,0,4,25.0,,,1996
281,210,Peter Ferraro,23,NYR,C,5,0,1,1,-5,0,-0.2,0,0,0,0,0,1,0,6,0.0,,,1996
282,211,Ray Ferraro,31,TOT,C,76,29,31,60,0,92,5.5,20,9,0,4,21,10,0,178,16.3,,,1996
285,212,Viacheslav Fetisov*,37,DET,D,69,7,35,42,37,96,9.2,5,1,1,1,22,12,1,127,5.5,,,1996
286,213,Jeff Finley,28,WIN,D,65,1,5,6,-2,81,1.7,1,0,0,0,5,0,0,27,3.7,,,1996
287,214,Steven Finn,29,TOT,D,66,3,2,5,-12,126,1.8,3,0,0,0,1,1,0,54,5.6,,,1996
290,215,Rusty Fitzgerald,23,PIT,C,21,1,2,3,7,12,-0.1,1,0,0,0,2,0,0,15,6.7,,,1996
291,216,Tom Fitzgerald,27,FLA,C,82,13,21,34,-3,75,1.9,6,1,6,2,20,1,0,141,9.2,,,1996
292,217,Rory Fitzpatrick,21,MTL,D,42,0,2,2,-7,18,0.9,0,0,0,0,1,1,0,31,0.0,,,1996
293,218,Patrick Flatley,32,NYI,RW,56,8,9,17,-24,21,0.0,8,0,0,0,6,3,0,89,9.0,,,1996
294,219,Theo Fleury,27,CGY,RW,80,46,50,96,17,112,11.1,24,17,5,4,32,17,1,353,13.0,,,1996
295,220,Adam Foote,24,COL,D,73,5,11,16,27,88,4.8,4,1,0,1,10,1,0,49,10.2,,,1996
297,221,Peter Forsberg*,22,COL,C,82,30,86,116,26,47,11.0,20,7,3,3,50,32,4,217,13.8,,,1996
298,222,Corey Foster,26,PIT,D,11,2,2,4,-2,2,0.4,1,1,0,0,1,1,0,8,25.0,,,1996
299,223,Ron Francis*,32,PIT,C,77,27,92,119,25,56,10.5,14,12,1,4,49,42,1,158,17.1,,,1996
300,224,Iain Fraser,26,WIN,C,12,1,1,2,1,4,0.0,1,0,0,0,1,0,0,12,8.3,,,1996
301,225,Scott Fraser,23,MTL,C,14,2,0,2,-1,4,-0.1,2,0,0,0,0,0,0,9,22.2,,,1996
302,226,Jeff Friesen,19,SJS,LW,79,15,31,46,-19,42,2.6,13,2,0,0,20,8,3,123,12.2,,,1996
303,227,Dave Gagner,31,TOT,LW,73,21,28,49,-19,103,3.7,14,7,0,3,15,11,2,215,9.8,,,1996
306,228,Garry Galley,32,BUF,D,78,10,44,54,-2,81,7.7,2,7,1,2,14,28,2,175,5.7,,,1996
307,229,Johan Garpenlöv,27,FLA,LW,82,23,28,51,-10,36,4.0,15,8,0,7,14,14,0,130,17.7,,,1996
308,230,Mike Gartner*,36,TOR,RW,82,35,19,54,5,52,6.0,20,15,0,4,13,6,0,275,12.7,,,1996
309,231,Rob Gaudreau,26,OTT,RW,52,8,5,13,-19,15,0.1,6,1,1,0,2,3,0,76,10.5,,,1996
310,232,Aaron Gavey,21,TBL,C,73,8,4,12,-6,56,-0.1,6,1,1,2,2,2,0,65,12.3,,,1996
311,233,Martin Gélinas,25,VAN,LW,81,30,26,56,8,59,5.3,23,3,4,5,21,4,1,181,16.6,,,1996
312,234,Martin Gendron,21,WSH,RW,20,2,1,3,-5,8,-0.2,2,0,0,0,0,1,0,22,9.1,,,1996
313,235,Ken Gernander,26,NYR,RW,10,2,3,5,-3,4,0.2,0,2,0,0,2,1,0,10,20.0,,,1996
314,236,Greg Gilbert,34,STL,LW,17,0,1,1,-1,8,-0.3,0,0,0,0,1,0,0,9,0.0,,,1996
315,237,Brent Gilchrist,28,DAL,C,77,20,22,42,-11,36,3.2,13,6,1,2,18,3,1,164,12.2,,,1996
316,238,Randy Gilhen,32,WIN,C,22,2,3,5,1,12,0.0,2,0,0,0,3,0,0,26,7.7,,,1996
317,239,Todd Gill,30,TOR,D,74,7,18,25,-15,116,4.5,6,1,0,2,13,3,2,109,6.4,,,1996
318,240,Doug Gilmour*,32,TOR,C,81,32,40,72,-5,77,7.1,20,10,2,3,19,19,2,180,17.8,,,1996
320,241,Brian Glynn,28,HAR,D,54,0,4,4,-15,44,0.9,0,0,0,0,1,3,0,46,0.0,,,1996
321,242,Alexander Godynyuk,26,HAR,D,3,0,0,0,-1,2,0.0,0,0,0,0,0,0,0,1,0.0,,,1996
322,243,Sergei Gonchar,21,WSH,D,78,15,26,41,25,60,9.8,11,4,0,4,16,10,0,139,10.8,,,1996
323,244,Tony Granato,31,LAK,RW,49,17,18,35,-5,46,3.0,12,5,0,1,13,4,1,156,10.9,,,1996
324,245,Chris Gratton,20,TBL,C,82,17,21,38,-13,105,2.5,10,7,0,3,14,7,0,183,9.3,,,1996
325,246,Adam Graves,27,NYR,LW,82,22,36,58,18,100,5.1,12,9,1,2,21,14,1,266,8.3,,,1996
326,247,Travis Green,25,NYI,C,69,25,45,70,-20,42,6.0,10,14,1,2,25,20,0,186,13.4,,,1996
327,248,Wayne Gretzky*,35,TOT,C,80,23,79,102,-13,34,8.4,16,6,1,3,38,41,0,195,11.8,,,1996
330,249,Brent Grieve,26,CHI,LW,28,2,4,6,5,28,0.1,2,0,0,0,4,0,0,22,9.1,,,1996
331,250,Stu Grimson,30,DET,LW,56,0,1,1,-10,128,-1.8,0,0,0,0,1,0,0,19,0.0,,,1996
332,251,François Groleau,23,MTL,D,2,0,1,1,2,2,0.3,0,0,0,0,1,0,0,1,0.0,,,1996
333,252,Michal Grošek,20,TOT,LW,23,6,4,10,-1,31,0.8,4,2,0,1,1,3,0,34,17.6,,,1996
336,253,John Gruden,25,BOS,D,14,0,0,0,-3,4,0.2,0,0,0,0,0,0,0,12,0.0,,,1996
337,254,Bill Guerin,25,NJD,RW,80,23,30,53,7,116,5.2,15,8,0,6,25,5,0,216,10.6,,,1996
338,255,Alexei Gusarov,31,COL,D,65,5,15,20,29,56,5.2,5,0,0,0,11,4,0,42,11.9,,,1996
339,256,Ravil Gusmanov,23,WIN,RW,4,0,0,0,-3,0,-0.2,0,0,0,0,0,0,0,6,0.0,,,1996
340,257,Sean Haggerty,19,TOR,LW,1,0,0,0,0,0,0.0,0,0,0,0,0,0,0,0,,,,1996
341,258,Bob Halkidis,29,TOT,D,8,0,0,0,-4,37,0.0,0,0,0,0,0,0,0,2,0.0,,,1996
344,259,Kevin Haller,25,PHI,D,69,5,9,14,18,92,5.3,3,0,2,2,7,2,0,89,5.6,,,1996
345,260,Roman Hamrlík,21,TBL,D,82,16,49,65,-24,103,8.9,4,12,0,2,18,30,1,281,5.7,,,1996
347,261,Dave Hannan,34,TOT,LW,61,7,10,17,3,32,0.6,5,1,1,2,8,0,2,41,17.1,,,1996
350,262,Brett Harkins,25,FLA,LW,8,0,3,3,-2,6,0.0,0,0,0,0,1,2,0,4,0.0,,,1996
351,263,David Harlock,24,TOR,D,1,0,0,0,0,0,0.0,0,0,0,0,0,0,0,0,,,,1996
352,264,Todd Harvey,20,DAL,RW,69,9,20,29,-13,136,1.2,6,3,0,1,12,8,0,101,8.9,,,1996
353,265,Derian Hatcher,23,DAL,D,79,8,23,31,-12,129,5.2,6,2,0,1,16,7,0,125,6.4,,,1996
354,266,Kevin Hatcher,29,DAL,D,74,15,26,41,-24,58,5.7,8,7,0,3,11,15,0,237,6.3,,,1996
355,267,Brett Hauer,24,EDM,D,29,4,2,6,-11,30,1.0,2,2,0,1,1,1,0,53,7.5,,,1996
356,268,Dale Hawerchuk*,32,TOT,RW,82,17,44,61,15,26,5.4,11,6,0,2,25,18,1,180,9.4,,,1996
359,269,Bret Hedican,25,VAN,D,77,6,23,29,8,83,5.2,5,1,0,0,12,7,4,113,5.3,,,1996
360,270,Steve Heinze,26,BOS,RW,76,16,12,28,-3,43,1.7,15,0,1,3,11,0,1,129,12.4,,,1996
361,271,Darby Hendrickson,23,TOT,LW,62,7,10,17,-8,80,0.3,7,0,0,1,9,1,0,73,9.6,,,1996
364,272,Jason Herter,25,NYI,D,1,0,1,1,1,0,0.2,0,0,0,0,0,1,0,1,0.0,,,1996
365,273,Jamie Heward,24,TOR,D,5,0,0,0,-1,0,0.1,0,0,0,0,0,0,0,8,0.0,,,1996
366,274,Alex Hicks,26,MDA,C,64,10,11,21,11,37,1.3,10,0,0,2,11,0,0,83,12.0,,,1996
367,275,Sean Hill,25,OTT,D,80,7,14,21,-26,94,3.5,5,2,0,2,10,2,2,157,4.5,,,1996
368,276,Todd Hlushko,25,CGY,C,4,0,0,0,0,6,-0.1,0,0,0,0,0,0,0,6,0.0,,,1996
369,277,Benoît Hogue,29,TOT,LW,78,19,45,64,10,104,5.7,14,5,0,5,29,15,1,155,12.3,,,1996
372,278,Miloš Holaň,24,MDA,D,16,2,2,4,-12,24,0.2,2,0,0,0,1,1,0,47,4.3,,,1996
373,279,Bobby Holík,25,NJD,C,63,13,17,30,9,58,2.7,12,1,0,1,14,3,0,157,8.3,,,1996
374,280,Brian Holzinger,23,BUF,C,58,10,10,20,-21,37,0.4,5,5,0,1,7,2,1,71,14.1,,,1996
376,281,Doug Houda,29,BUF,D,38,1,3,4,3,52,1.7,1,0,0,0,3,0,0,21,4.8,,,1996
377,282,Mike Hough,32,FLA,LW,64,7,16,23,4,37,1.1,6,0,1,1,16,0,0,66,10.6,,,1996
378,283,Bill Houlder,28,TBL,D,61,5,23,28,1,22,5.5,2,3,0,0,9,14,0,90,5.6,,,1996
379,284,Phil Housley*,31,TOT,D,81,17,51,68,-6,30,10.3,11,6,0,1,22,29,0,205,8.3,,,1996
382,285,Bill Huard,28,DAL,LW,51,6,6,12,3,176,0.4,6,0,0,0,6,0,0,34,17.6,,,1996
383,286,Charlie Huddy,36,TOT,D,64,5,5,10,-12,65,2.5,3,2,0,1,5,0,0,70,7.1,,,1996
386,287,Mike Hudson,28,TOT,RW,59,5,12,17,2,55,0.6,5,0,0,0,11,1,0,59,8.5,,,1996
389,288,Kerry Huffman,28,TOT,D,47,5,12,17,-18,69,2.4,2,3,0,1,3,9,0,91,5.5,,,1996
392,289,Brent Hughes,29,BUF,LW,76,5,10,15,-9,148,-0.5,5,0,0,0,10,0,0,56,8.9,,,1996
393,290,Ryan Hughes,24,BOS,C,3,0,0,0,0,0,-0.1,0,0,0,0,0,0,0,2,0.0,,,1996
394,291,Brett Hull*,31,STL,RW,70,43,40,83,4,30,9.7,22,16,5,6,22,17,1,327,13.1,,,1996
395,292,Jody Hull,26,FLA,RW,78,20,17,37,5,25,3.1,18,2,0,3,13,1,3,120,16.7,,,1996
396,293,Cale Hulse,22,TOT,D,11,0,0,0,1,20,0.6,0,0,0,0,0,0,0,9,0.0,,,1996
399,294,Dale Hunter,35,WSH,C,82,13,24,37,5,112,2.4,9,4,0,3,16,8,0,128,10.2,,,1996
400,295,Tim Hunter,35,VAN,RW,60,2,0,2,-8,122,-1.7,2,0,0,1,0,0,0,26,7.7,,,1996
401,296,Jamie Huscroft,29,CGY,D,70,3,9,12,14,162,4.7,3,0,0,1,9,0,0,57,5.3,,,1996
402,297,Ralph Intranuovo,22,EDM,C,13,1,2,3,-3,4,-0.1,1,0,0,1,1,1,0,19,5.3,,,1996
403,298,Dane Jackson,25,BUF,RW,22,5,4,9,3,41,0.7,5,0,0,1,3,1,0,20,25.0,,,1996
404,299,Jaromír Jágr,23,PIT,RW,82,62,87,149,31,96,16.0,41,20,1,12,54,31,2,403,15.4,,,1996
405,300,Craig Janney,28,TOT,C,84,20,62,82,-33,26,5.6,13,7,0,2,34,28,0,91,22.0,,,1996
409,301,Mark Janssens,27,HAR,C,81,2,7,9,-13,155,-1.6,2,0,0,0,7,0,0,63,3.2,,,1996
410,302,Grant Jennings,30,BUF,D,6,0,0,0,1,28,0.2,0,0,0,0,0,0,0,3,0.0,,,1996
411,303,Andreas Johansson,22,NYI,C,3,0,1,1,1,0,0.0,0,0,0,0,1,0,0,6,0.0,,,1996
412,304,Calle Johansson,28,WSH,D,78,10,25,35,13,50,8.0,6,4,0,0,12,11,2,182,5.5,,,1996
413,305,Craig Johnson,23,TOT,RW,60,13,11,24,-8,36,1.5,9,4,0,0,11,0,0,97,13.4,,,1996
416,306,Greg Johnson,24,DET,LW,60,18,22,40,6,30,3.5,13,5,0,2,12,9,1,87,20.7,,,1996
417,307,Jim Johnson,33,WSH,D,66,2,4,6,-3,34,3.3,2,0,0,0,4,0,0,49,4.1,,,1996
418,308,Matt Johnson,20,LAK,LW,1,0,0,0,0,5,0.0,0,0,0,0,0,0,0,1,0.0,,,1996
419,309,Jean-François Jomphe,23,MDA,RW,31,2,12,14,7,39,0.8,0,2,0,0,11,1,0,46,4.3,,,1996
420,310,Keith Jones,27,WSH,LW,68,18,23,41,8,103,3.6,13,5,0,2,14,9,0,155,11.6,,,1996
421,311,Kenny Jönsson,21,TOT,D,66,4,26,30,7,32,5.6,1,3,0,1,14,11,1,130,3.1,,,1996
424,312,Chris Joseph,26,PIT,D,70,5,14,19,6,71,2.9,5,0,0,1,10,3,1,94,5.3,,,1996
425,313,Ed Jovanovski,19,FLA,D,70,10,11,21,-3,137,5.2,8,2,0,2,8,3,0,116,8.6,,,1996
426,314,Patrik Juhlin,25,PHI,RW,14,3,3,6,4,17,0.5,2,1,0,0,3,0,0,14,21.4,,,1996
427,315,Joé Juneau,28,WSH,C,80,14,50,64,-3,30,4.6,5,7,2,2,29,21,0,176,8.0,,,1996
428,316,Valeri Kamensky,29,COL,LW,81,38,47,85,14,85,8.6,19,18,1,5,33,13,1,220,17.3,,,1996
429,317,Kevin Kaminski,26,WSH,LW,54,1,2,3,-1,164,-1.0,1,0,0,0,2,0,0,17,5.9,,,1996
430,318,Sami Kapanen,22,HAR,LW,35,5,4,9,0,6,0.3,5,0,0,0,4,0,0,46,10.9,,,1996
431,319,Paul Kariya*,21,MDA,LW,82,50,58,108,9,20,11.6,27,20,3,9,34,21,3,349,14.3,,,1996
432,320,Dave Karpa,24,MDA,D,72,3,16,19,-3,270,3.9,2,0,1,1,12,3,1,62,4.8,,,1996
434,321,Valeri Karpov,24,MDA,LW,37,9,8,17,-1,10,1.2,9,0,0,1,4,4,0,42,21.4,,,1996
435,322,Alexander Karpovtsev,25,NYR,D,40,2,16,18,12,26,3.5,1,1,0,1,9,7,0,71,2.8,,,1996
436,323,Alexei Kasatonov,36,BOS,D,19,1,0,1,1,12,0.7,1,0,0,0,0,0,0,15,6.7,,,1996
437,324,Darius Kasparaitis,23,NYI,D,46,1,7,8,-12,93,1.3,1,0,0,0,6,0,1,34,2.9,,,1996
438,325,Mike Keane,28,TOT,RW,73,10,17,27,-5,46,0.9,8,0,2,2,12,2,3,84,11.9,,,1996
441,326,Dan Keczmer,27,CGY,D,13,0,0,0,-6,14,0.1,0,0,0,0,0,0,0,13,0.0,,,1996
442,327,Mike Kennedy,23,DAL,RW,61,9,17,26,-7,48,1.3,5,4,0,1,15,2,0,111,8.1,,,1996
443,328,Sheldon Kennedy,26,CGY,RW,41,3,7,10,3,36,0.2,3,0,0,1,7,0,0,54,5.6,,,1996
444,329,Dan Kesa,24,DAL,RW,3,0,0,0,-1,0,-0.1,0,0,0,0,0,0,0,0,,,,1996
445,330,Yuri Khmylev,31,TOT,LW,73,8,21,29,-17,40,0.8,2,5,1,1,14,5,2,136,5.9,,,1996
448,331,Dmitri Khristich,26,LAK,LW,76,27,37,64,0,44,5.8,15,12,0,3,27,9,1,204,13.2,,,1996
449,332,Chad Kilger,19,TOT,C,74,7,10,17,-4,34,-0.1,7,0,0,1,10,0,0,57,12.3,,,1996
452,333,Derek King,28,NYI,LW,61,12,20,32,-10,23,2.0,6,5,1,0,19,1,0,154,7.8,,,1996
453,334,Kris King,29,WIN,LW,81,9,11,20,-7,151,0.0,8,0,1,2,9,0,2,89,10.1,,,1996
454,335,Steven King,26,MDA,RW,7,2,0,2,-1,15,0.1,1,1,0,1,0,0,0,5,40.0,,,1996
455,336,Marko Kiprusoff,23,MTL,D,24,0,4,4,-3,8,0.9,0,0,0,0,3,1,0,36,0.0,,,1996
456,337,Trent Klatt,25,TOT,RW,71,7,12,19,2,44,0.5,7,0,0,2,8,3,1,101,6.9,,,1996
459,338,Ken Klee,24,WSH,RW,66,8,3,11,-1,60,0.0,7,0,1,2,3,0,0,76,10.5,,,1996
460,339,Jon Klemm,26,COL,D,56,3,12,15,12,20,3.3,2,0,1,1,10,1,1,61,4.9,,,1996
461,340,Petr Klíma,31,TBL,LW,67,22,30,52,-25,68,4.2,14,8,0,3,10,20,0,164,13.4,,,1996
463,341,Fred Knipscheer,26,STL,LW,1,0,0,0,0,2,0.0,0,0,0,0,0,0,0,2,0.0,,,1996
464,342,Joe Kocur,31,TOT,RW,45,1,3,4,-7,68,-1.1,1,0,0,0,3,0,0,20,5.0,,,1996
467,343,Ladislav Kohn,20,CGY,RW,5,1,0,1,-1,2,0.0,1,0,0,0,0,0,0,8,12.5,,,1996
468,344,Saku Koivu,21,MTL,C,82,20,25,45,-7,40,3.3,9,8,3,2,18,6,1,136,14.7,,,1996
469,345,Mark Kolesar,23,TOR,RW,21,2,2,4,0,14,0.0,2,0,0,0,2,0,0,10,20.0,,,1996
470,346,Steve Konowalchuk,23,WSH,LW,70,23,22,45,13,92,4.5,15,7,1,3,14,6,2,197,11.7,,,1996
471,347,Vladimir Konstantinov,28,DET,D,81,14,20,34,60,139,11.1,10,3,1,3,15,5,0,168,8.3,,,1996
472,348,Dan Kordic,24,PHI,D,9,1,0,1,1,31,0.6,1,0,0,0,0,0,0,2,50.0,,,1996
473,349,Igor Korolev,25,WIN,RW,73,22,29,51,1,42,4.4,14,8,0,5,22,7,0,165,13.3,,,1996
474,350,Andrei Kovalenko,25,TOT,LW,77,28,28,56,20,49,5.8,22,6,0,6,20,8,0,131,21.4,,,1996
477,351,Alex Kovalev,22,NYR,RW,81,24,34,58,5,98,4.9,15,8,1,7,24,10,0,206,11.7,,,1996
478,352,Viktor Kozlov,20,SJS,C,62,6,13,19,-15,6,0.0,5,1,0,0,9,4,0,107,5.6,,,1996
479,353,Vyacheslav Kozlov,23,DET,LW,82,36,37,73,33,70,8.2,27,9,0,7,26,11,0,237,15.2,,,1996
480,354,Igor Kravchuk,29,TOT,D,66,7,16,23,-19,34,3.8,4,3,0,1,6,10,0,173,4.0,,,1996
483,355,Sergei Krivokrasov,21,CHI,LW,46,6,10,16,10,32,0.9,6,0,0,1,10,0,0,52,11.5,,,1996
484,356,Robert Kron,28,HAR,RW,77,22,28,50,-1,6,4.3,13,8,1,3,17,9,2,203,10.8,,,1996
485,357,Vlastimil Kroupa,20,SJS,D,27,1,7,8,-17,18,0.1,1,0,0,0,5,2,0,11,9.1,,,1996
486,358,Uwe Krupp,30,COL,D,6,0,3,3,4,4,0.6,0,0,0,0,1,2,0,9,0.0,,,1996
487,359,Paul Kruse,25,CGY,LW,75,3,12,15,-5,145,-0.5,3,0,0,0,12,0,0,83,3.6,,,1996
488,360,Todd Krygier,30,TOT,LW,76,15,33,48,-1,82,3.4,11,3,1,0,26,4,3,181,8.3,,,1996
492,361,František Kučera,27,TOT,D,54,3,6,9,2,20,2.5,3,0,0,1,3,2,1,77,3.9,,,1996
495,362,Bob Kudelski,31,FLA,RW,13,0,1,1,1,0,-0.2,0,0,0,0,1,0,0,23,0.0,,,1996
496,363,Jari Kurri*,35,TOT,RW,71,18,27,45,-16,39,3.0,12,5,1,0,16,9,2,158,11.4,,,1996
499,364,Nick Kypreos,29,TOT,LW,61,4,5,9,1,107,-0.5,4,0,0,1,5,0,0,49,8.2,,,1996
502,365,Jim Kyte,31,SJS,D,57,1,7,8,-12,146,0.9,1,0,0,0,7,0,0,32,3.1,,,1996
503,366,Scott Lachance,23,NYI,D,55,3,10,13,-19,54,1.7,2,1,0,0,5,5,0,81,3.7,,,1996
504,367,Daniel Lacroix,26,NYR,LW,25,2,2,4,-1,30,-0.2,2,0,0,0,2,0,0,14,14.3,,,1996
505,368,Eric Lacroix,24,LAK,LW,72,16,16,32,-11,110,1.9,13,3,0,1,13,3,0,107,15.0,,,1996
506,369,Randy Ladouceur,35,MDA,D,63,1,3,4,5,47,2.7,1,0,0,0,3,0,0,48,2.1,,,1996
507,370,Nathan LaFayette,22,TOT,C,17,2,4,6,-4,8,0.1,1,1,0,0,4,0,0,28,7.1,,,1996
510,371,Pat LaFontaine*,30,BUF,C,76,40,51,91,-8,36,9.1,22,15,3,7,27,24,0,224,17.9,,,1996
511,372,Mike Lalor,32,DAL,D,63,1,2,3,-10,31,1.7,1,0,0,0,2,0,0,46,2.2,,,1996
512,373,Mark Lamb,31,MTL,C,1,0,0,0,0,0,0.0,0,0,0,0,0,0,0,0,,,,1996
513,374,Denny Lambert,26,MDA,LW,33,0,8,8,-2,55,-0.3,0,0,0,0,8,0,0,28,0.0,,,1996
514,375,Robert Lang,25,LAK,RW,68,6,16,22,-15,10,0.1,4,0,2,0,14,0,2,71,8.5,,,1996
515,376,Darren Langdon,25,NYR,LW,64,7,4,11,2,175,-0.2,7,0,0,1,4,0,0,29,24.1,,,1996
516,377,Jamie Langenbrunner,20,DAL,C,12,2,2,4,-2,6,0.2,1,1,0,0,2,0,0,15,13.3,,,1996
517,378,Daymond Langkow,19,TBL,C,4,0,1,1,-1,0,0.0,0,0,0,0,1,0,0,4,0.0,,,1996
518,379,Daniel Laperrière,26,OTT,D,6,0,0,0,2,4,0.3,0,0,0,0,0,0,0,12,0.0,,,1996
519,380,Ian Laperrière,22,TOT,C,71,6,11,17,-11,155,-0.2,5,1,0,1,9,1,1,70,8.6,,,1996
524,381,Claude Lapointe,27,TOT,C,35,4,5,9,1,20,0.3,2,0,2,1,5,0,0,44,9.1,,,1996
527,382,Martin Lapointe,22,DET,RW,58,6,3,9,0,93,-0.3,5,1,0,0,3,0,0,76,7.9,,,1996
528,383,Igor Larionov*,35,TOT,C,73,22,51,73,31,34,7.2,11,10,1,5,33,16,2,113,19.5,,,1996
531,384,Steve Larouche,24,TOT,C,8,1,2,3,0,4,0.1,0,1,0,0,2,0,0,14,7.1,,,1996
534,385,Brad Lauer,29,PIT,LW,21,4,1,5,-5,6,-0.1,3,1,0,1,1,0,0,29,13.8,,,1996
535,386,Janne Laukkanen,25,TOT,D,23,1,2,3,-1,14,1.0,0,1,0,0,2,0,0,35,2.9,,,1996
538,387,Paul Laus,25,FLA,D,78,3,6,9,-2,236,4.0,3,0,0,0,6,0,0,45,6.7,,,1996
539,388,Mark Lawrence,24,DAL,RW,13,0,1,1,0,17,-0.2,0,0,0,0,1,0,0,13,0.0,,,1996
540,389,Steve Leach,30,TOT,RW,73,11,17,28,-7,108,1.3,10,1,0,2,15,2,0,157,7.0,,,1996
543,390,John LeClair,26,PHI,LW,82,51,46,97,21,64,11.2,32,19,0,10,28,18,0,270,18.9,,,1996
544,391,Grant Ledyard,34,DAL,D,73,5,19,24,-15,20,3.9,3,2,0,1,10,8,1,123,4.1,,,1996
545,392,Brian Leetch*,27,NYR,D,82,15,70,85,12,30,11.4,8,7,0,3,33,37,0,276,5.4,,,1996
546,393,Sylvain Lefebvre,28,COL,D,75,5,11,16,26,49,4.8,3,2,0,0,7,2,2,115,4.3,,,1996
547,394,Jere Lehtinen,22,DAL,RW,57,6,22,28,5,16,1.7,6,0,0,1,17,5,0,109,5.5,,,1996
548,395,Claude Lemieux,30,COL,RW,79,39,32,71,14,117,7.6,28,9,2,10,25,6,1,315,12.4,,,1996
549,396,Jocelyn Lemieux,28,TOT,RW,67,5,7,12,-19,45,-0.8,5,0,0,0,7,0,0,90,5.6,,,1996
553,397,Mario Lemieux*,30,PIT,C,70,69,92,161,10,54,17.4,30,31,8,8,43,48,1,338,20.4,,,1996
554,398,François Leroux,25,PIT,D,66,2,9,11,2,161,1.7,2,0,0,0,9,0,0,43,4.7,,,1996
555,399,Curtis Leschyshyn,26,COL,D,77,4,15,19,32,73,5.4,4,0,0,1,11,2,2,76,5.3,,,1996
556,400,Scott Levins,26,OTT,RW,27,0,2,2,-3,80,-0.5,0,0,0,0,2,0,0,6,0.0,,,1996
558,401,Doug Lidster,35,NYR,D,59,5,9,14,11,50,3.9,5,0,0,0,5,2,2,73,6.8,,,1996
559,402,Nicklas Lidström*,25,DET,D,81,17,50,67,29,20,12.2,8,8,1,1,17,29,4,211,8.1,,,1996
560,403,John Lilley,23,MDA,C,1,0,0,0,-1,0,-0.1,0,0,0,0,0,0,0,0,,,,1996
561,404,Trevor Linden,25,VAN,C,82,33,47,80,6,42,7.6,20,12,1,2,26,18,3,202,16.3,,,1996
562,405,Brett Lindros,20,NYI,RW,18,1,2,3,-6,47,-0.3,1,0,0,0,2,0,0,10,10.0,,,1996
563,406,Eric Lindros*,22,PHI,C,73,47,68,115,26,163,12.8,32,15,0,4,43,24,1,294,16.0,,,1996
564,407,Bill Lindsay,24,FLA,LW,73,12,22,34,13,57,2.6,9,0,3,2,19,0,3,118,10.2,,,1996
565,408,Chris Lipuma,24,TBL,D,21,0,0,0,-7,13,0.4,0,0,0,0,0,0,0,8,0.0,,,1996
566,409,Brian Loney,23,VAN,RW,12,2,3,5,2,6,0.3,2,0,0,0,3,0,0,19,10.5,,,1996
567,410,Kevin Lowe*,36,NYR,D,53,1,5,6,20,76,3.3,1,0,0,0,4,0,1,30,3.3,,,1996
568,411,Dave Lowry,30,FLA,LW,63,10,14,24,-2,36,1.3,10,0,0,1,9,5,0,83,12.0,,,1996
569,412,Craig Ludwig,34,DAL,D,65,1,2,3,-17,70,1.3,1,0,0,0,2,0,0,47,2.1,,,1996
570,413,Jyrki Lumme,29,VAN,D,80,17,37,54,-9,50,7.2,9,8,0,2,18,17,2,192,8.9,,,1996
571,414,Chris Luongo,28,NYI,D,74,3,7,10,-23,55,1.7,2,1,0,0,6,1,0,46,6.5,,,1996
572,415,Al MacInnis*,32,STL,D,82,17,44,61,5,88,10.5,7,9,1,1,18,25,1,317,5.4,,,1996
573,416,Norm Maciver,31,TOT,D,71,7,46,53,6,58,6.5,4,3,0,0,19,25,2,79,8.9,,,1996
576,417,John MacLean,31,NJD,RW,76,20,28,48,3,91,4.5,14,3,3,3,15,12,1,237,8.4,,,1996
577,418,Pat MacLeod,26,DAL,D,2,0,0,0,0,0,0.1,0,0,0,0,0,0,0,2,0.0,,,1996
578,419,Jamie Macoun,34,TOR,D,82,0,8,8,2,87,3.7,0,0,0,0,7,0,1,74,0.0,,,1996
579,420,Craig MacTavish,37,TOT,C,68,5,9,14,-9,70,-0.4,5,0,0,1,9,0,0,58,8.6,,,1996
583,421,Mike MacWilliam,28,NYI,C,6,0,0,0,-1,14,-0.2,0,0,0,0,0,0,0,4,0.0,,,1996
584,422,Vladimir Malakhov,27,MTL,D,61,5,23,28,7,79,5.1,3,2,0,0,10,12,1,122,4.1,,,1996
585,423,Stewart Malgunas,25,TOT,D,30,0,1,1,-10,32,0.0,0,0,0,0,1,0,0,13,0.0,,,1996
588,424,Marek Malík,20,HAR,D,7,0,0,0,-3,4,0.0,0,0,0,0,0,0,0,2,0.0,,,1996
589,425,Dean Malkoc,26,VAN,D,41,0,2,2,-10,136,0.4,0,0,0,0,2,0,0,8,0.0,,,1996
590,426,Troy Mallette,25,OTT,LW,64,2,3,5,-7,171,-1.0,2,0,0,0,3,0,0,51,3.9,,,1996
591,427,Kirk Maltby,23,TOT,RW,55,3,6,9,-16,67,-0.8,3,0,0,1,4,2,0,55,5.5,,,1996
594,428,Kent Manderville,24,EDM,LW,37,3,5,8,-5,38,-0.1,1,0,2,0,3,0,2,63,4.8,,,1996
595,429,Dave Manson,29,WIN,D,82,7,23,30,8,205,5.4,4,3,0,0,17,6,0,189,3.7,,,1996
596,430,Todd Marchant,22,EDM,C,81,19,19,38,-19,66,2.3,14,2,3,2,16,1,2,221,8.6,,,1996
597,431,Bryan Marchment,26,EDM,D,78,3,15,18,-7,202,3.6,3,0,0,0,10,5,0,96,3.1,,,1996
598,432,Josef Marha,19,COL,C,2,0,1,1,1,0,0.1,0,0,0,0,1,0,0,2,0.0,,,1996
599,433,Daniel Marois,27,DAL,RW,3,0,0,0,0,2,-0.1,0,0,0,0,0,0,0,1,0.0,,,1996
600,434,Grant Marshall,22,DAL,RW,70,9,19,28,0,111,1.5,9,0,0,0,17,2,0,62,14.5,,,1996
601,435,Jason Marshall,24,MDA,D,24,0,1,1,3,42,1.0,0,0,0,0,1,0,0,9,0.0,,,1996
602,436,Matt Martin,24,TOR,D,13,0,0,0,-1,14,0.4,0,0,0,0,0,0,0,3,0.0,,,1996
603,437,Steve Martins,23,HAR,C,23,1,3,4,-3,8,-0.3,1,0,0,0,3,0,0,27,3.7,,,1996
604,438,Stéphane Matteau,26,TOT,LW,78,11,15,26,-8,87,1.0,7,4,0,2,11,4,0,109,10.1,,,1996
607,439,Richard Matvichuk,22,DAL,D,73,6,16,22,4,71,5.1,6,0,0,1,13,3,0,81,7.4,,,1996
608,440,Brad May,24,BUF,LW,79,15,29,44,6,295,3.3,12,3,0,4,24,5,0,168,8.9,,,1996
610,441,Dean McAmmond,22,EDM,LW,53,15,15,30,6,23,2.8,11,4,0,0,11,4,0,79,19.0,,,1996
611,442,Jason McBain,21,HAR,D,3,0,0,0,-1,0,0.0,0,0,0,0,0,0,0,0,,,,1996
612,443,Bryan McCabe,20,NYI,D,82,7,16,23,-24,156,3.3,4,3,0,1,8,8,0,130,5.4,,,1996
613,444,Sandy McCarthy,23,CGY,RW,75,9,7,16,-8,173,0.1,6,3,0,1,6,1,0,98,9.2,,,1996
614,445,Darren McCarty,23,DET,RW,63,15,14,29,14,158,2.5,7,8,0,1,12,2,0,102,14.7,,,1996
615,446,Trent McCleary,23,OTT,RW,75,4,10,14,-15,68,-0.5,3,0,1,0,9,0,1,58,6.9,,,1996
616,447,Brad McCrimmon,36,HAR,D,58,3,6,9,15,62,3.6,2,0,1,0,6,0,0,39,7.7,,,1996
617,448,Shawn McEachern,26,BOS,LW,82,24,29,53,-5,34,4.3,19,3,2,3,25,3,1,238,10.1,,,1996
618,449,Marty McInnis,25,NYI,C,74,12,34,46,-11,39,2.9,10,2,0,1,20,13,1,167,7.2,,,1996
619,450,Randy McKay,29,NJD,RW,76,11,10,21,7,145,1.4,8,3,0,3,10,0,0,97,11.3,,,1996
620,451,Jay McKee,18,BUF,D,1,0,1,1,1,2,0.2,0,0,0,0,1,0,0,2,0.0,,,1996
621,452,Jim McKenzie,26,WIN,LW,73,4,2,6,-4,202,-1.3,4,0,0,0,2,0,0,28,14.3,,,1996
622,453,Kyle McLaren,18,BOS,D,74,5,12,17,16,73,4.8,5,0,0,0,11,0,1,74,6.8,,,1996
623,454,Dave McLlwain,29,TOT,RW,19,2,5,7,-5,6,0.0,2,0,0,1,4,1,0,20,10.0,,,1996
626,455,Basil McRae,35,STL,LW,18,1,1,2,-5,40,-0.3,1,0,0,0,1,0,0,5,20.0,,,1996
627,456,Marty McSorley,32,TOT,D,68,10,23,33,-20,169,4.1,8,1,1,1,12,9,2,130,7.7,,,1996
630,457,Don McSween,31,MDA,D,4,0,0,0,0,4,0.1,0,0,0,0,0,0,0,1,0.0,,,1996
631,458,Scott Mellanby,29,FLA,RW,79,32,38,70,4,160,6.9,13,19,0,3,22,16,0,225,14.2,,,1996
632,459,Mark Messier*,35,NYR,C,74,47,52,99,29,122,11.3,32,14,1,5,26,23,3,241,19.5,,,1996
633,460,Oleg Mikulchik,31,MDA,D,8,0,0,0,-2,4,0.1,0,0,0,0,0,0,0,0,,,,1996
635,461,Corey Millen,31,TOT,C,44,7,14,21,8,18,1.6,5,2,0,1,11,3,0,73,9.6,,,1996
638,462,Aaron Miller,24,COL,D,5,0,0,0,0,0,0.1,0,0,0,0,0,0,0,2,0.0,,,1996
639,463,Kelly Miller,32,WSH,RW,74,7,13,20,7,30,0.7,5,0,2,1,11,1,1,93,7.5,,,1996
640,464,Kevin Miller,30,TOT,LW,81,28,25,53,-4,45,4.7,23,3,2,2,12,10,3,179,15.6,,,1996
643,465,Kip Miller,26,CHI,C,10,1,4,5,1,2,0.3,1,0,0,0,1,3,0,12,8.3,,,1996
644,466,Craig Mills,19,WIN,RW,4,0,2,2,0,0,0.1,0,0,0,0,2,0,0,0,,,,1996
645,467,Boris Mironov,23,EDM,D,78,8,24,32,-23,101,4.2,1,7,0,1,14,10,0,158,5.1,,,1996
646,468,Dmitri Mironov,30,PIT,D,72,3,31,34,19,88,4.8,2,1,0,1,23,6,2,86,3.5,,,1996
647,469,Mike Modano*,25,DAL,C,78,36,45,81,-12,63,7.9,24,8,4,4,23,21,1,320,11.3,,,1996
648,470,Jaroslav Modrý,24,TOT,D,73,4,17,21,-21,44,3.3,3,1,0,1,13,4,0,106,3.8,,,1996
651,471,Sandy Moger,26,BOS,RW,80,15,14,29,-9,65,1.4,11,4,0,6,13,1,0,103,14.6,,,1996
652,472,Alexander Mogilny,26,VAN,RW,79,55,52,107,14,16,12.2,40,10,5,6,31,19,2,292,18.8,,,1996
653,473,Sergio Momesso,30,TOT,LW,73,11,12,23,-13,142,0.7,5,6,0,1,8,4,0,126,8.7,,,1996
656,474,Jim Montgomery,26,PHI,C,5,1,2,3,1,9,0.2,1,0,0,0,2,0,0,4,25.0,,,1996
657,475,Barrie Moore,20,BUF,LW,3,0,0,0,0,0,-0.1,0,0,0,0,0,0,0,3,0.0,,,1996
658,476,Ian Moran,23,PIT,D,51,1,1,2,-1,47,0.5,1,0,0,0,1,0,0,44,2.3,,,1996
659,477,Jayson More,27,SJS,D,74,2,7,9,-32,147,0.1,2,0,0,0,7,0,0,67,3.0,,,1996
660,478,Ethan Moreau,20,CHI,LW,8,0,1,1,1,4,-0.1,0,0,0,0,1,0,0,1,0.0,,,1996
661,479,Bryan Muir,22,EDM,D,5,0,0,0,-4,6,-0.1,0,0,0,0,0,0,0,4,0.0,,,1996
662,480,Joe Mullen*,38,BOS,RW,37,8,7,15,-2,0,0.9,4,4,0,1,6,1,0,60,13.3,,,1996
664,481,Kirk Muller,29,TOT,C,51,13,19,32,-13,57,2.3,6,7,0,1,14,4,1,102,12.7,,,1996
667,482,Craig Muni,33,TOT,D,72,1,7,8,-6,106,2.3,1,0,0,0,7,0,0,41,2.4,,,1996
670,483,Gord Murphy,28,FLA,D,70,8,22,30,5,30,6.4,4,4,0,0,9,11,2,125,6.4,,,1996
671,484,Joe Murphy,28,CHI,RW,70,22,29,51,-3,86,4.1,14,8,0,3,22,7,0,212,10.4,,,1996
672,485,Larry Murphy*,34,TOR,D,82,12,49,61,-2,34,9.2,4,8,0,1,18,31,0,182,6.6,,,1996
673,486,Chris Murray,21,MTL,RW,48,3,4,7,5,163,-0.2,3,0,0,1,4,0,0,32,9.4,,,1996
674,487,Glen Murray,23,PIT,RW,69,14,15,29,4,57,1.5,14,0,0,2,15,0,0,100,14.0,,,1996
675,488,Marty Murray,20,CGY,C,15,3,3,6,-4,0,0.3,1,2,0,0,1,2,0,22,13.6,,,1996
676,489,Rob Murray,28,WIN,C,1,0,0,0,-1,2,-0.1,0,0,0,0,0,0,0,1,0.0,,,1996
677,490,Troy Murray,33,COL,C,63,7,14,21,15,22,1.0,7,0,0,1,12,0,2,36,19.4,,,1996
678,491,Dana Murzyn,29,VAN,D,69,2,10,12,9,130,3.2,2,0,0,0,8,0,2,68,2.9,,,1996
679,492,František Musil,31,OTT,D,65,1,3,4,-10,85,2.0,1,0,0,0,3,0,0,37,2.7,,,1996
680,493,Anders Myrvold,20,COL,D,4,0,1,1,-2,6,0.0,0,0,0,0,0,1,0,4,0.0,,,1996
681,494,Markus Näslund,22,TOT,LW,76,22,33,55,20,42,4.7,18,4,0,5,29,4,0,144,15.3,,,1996
684,495,Andrei Nazarov,21,SJS,RW,42,7,7,14,-15,62,0.2,5,2,0,1,5,2,0,55,12.7,,,1996
685,496,Stan Neckář,20,OTT,D,82,3,9,12,-16,54,3.1,2,1,0,0,8,0,1,57,5.3,,,1996
686,497,Petr Nedvěd,24,PIT,LW,80,45,54,99,37,68,10.7,36,8,1,5,40,12,2,204,22.1,,,1996
687,498,Zdeněk Nedvěd,20,TOR,RW,7,1,1,2,-1,6,0.1,1,0,0,0,0,1,0,7,14.3,,,1996
688,499,Cam Neely*,30,BOS,RW,49,26,20,46,3,31,5.1,19,7,0,3,12,8,0,191,13.6,,,1996
689,500,Jeff Nelson,23,WSH,C,33,0,7,7,3,16,-0.1,0,0,0,0,7,0,0,21,0.0,,,1996
691,501,Sergei Nemchinov,32,NYR,C,78,17,15,32,9,38,2.3,17,0,0,2,14,1,0,118,14.4,,,1996
692,502,David Nemirovsky,19,FLA,RW,9,0,2,2,-1,2,-0.1,0,0,0,0,2,0,0,6,0.0,,,1996
693,503,Scott Nichol,21,BUF,C,2,0,0,0,0,10,-0.1,0,0,0,0,0,0,0,4,0.0,,,1996
694,504,Bernie Nicholls,34,CHI,C,59,19,41,60,11,60,5.4,13,6,0,2,24,16,1,100,19.0,,,1996
695,505,Rob Niedermayer,21,FLA,C,82,26,35,61,1,107,5.5,15,11,0,6,23,12,0,155,16.8,,,1996
696,506,Scott Niedermayer*,22,NJD,D,79,8,25,33,5,46,7.9,2,6,0,0,12,10,3,179,4.5,,,1996
697,507,Joe Nieuwendyk*,29,DAL,C,52,14,18,32,-17,41,2.2,6,8,0,3,10,8,0,138,10.1,,,1996
698,508,Andrei Nikolishin,22,HAR,C,61,14,37,51,-2,34,4.1,9,4,1,3,24,12,1,83,16.9,,,1996
699,509,Owen Nolan,23,TOT,RW,81,33,36,69,-33,146,5.7,16,16,1,2,21,13,2,207,15.9,,,1996
702,510,Brian Noonan,30,STL,RW,81,13,22,35,2,84,2.4,9,3,1,6,16,5,1,131,9.9,,,1996
703,511,Dwayne Norris,26,MDA,RW,3,0,1,1,0,2,0.0,0,0,0,0,1,0,0,3,0.0,,,1996
704,512,Mattias Norström,24,TOT,D,36,2,2,4,-3,40,1.2,2,0,0,0,1,1,0,34,5.9,,,1996
707,513,Jeff Norton,30,TOT,D,66,8,23,31,9,42,6.3,7,1,0,2,10,12,1,85,9.4,,,1996
710,514,Teppo Numminen,27,WIN,D,74,11,43,54,-4,22,6.9,5,6,0,3,20,22,1,165,6.7,,,1996
711,515,Michael Nylander,23,CGY,C,73,17,38,55,0,20,4.5,13,4,0,6,23,15,0,163,10.4,,,1996
712,516,Sean O'Donnell,24,LAK,D,71,2,5,7,3,127,2.8,2,0,0,0,4,0,1,65,3.1,,,1996
713,517,Jeff O'Neill,19,HAR,C,65,8,19,27,-3,40,1.3,7,1,0,1,16,3,0,65,12.3,,,1996
714,518,Adam Oates*,33,BOS,C,70,25,67,92,16,18,8.9,17,7,1,2,41,24,2,183,13.7,,,1996
715,519,Lyle Odelein,27,MTL,D,79,3,14,17,8,230,4.6,2,0,1,0,12,2,0,74,4.1,,,1996
716,520,Jeff Odgers,26,SJS,LW,78,12,4,16,-4,192,0.2,12,0,0,1,4,0,0,84,14.3,,,1996
718,521,Gino Odjick,25,VAN,LW,55,3,4,7,-16,181,-1.3,3,0,0,0,4,0,0,59,5.1,,,1996
719,522,Roman Oksiuta,25,TOT,RW,70,23,28,51,4,60,4.5,12,11,0,1,22,6,0,119,19.3,,,1996
722,523,Fredrik Olausson,29,TOT,D,56,2,22,24,-7,38,3.4,1,1,0,0,7,15,0,83,2.4,,,1996
725,524,Eddie Olczyk,29,WIN,RW,51,27,22,49,0,65,5.2,11,16,0,1,20,2,0,147,18.4,,,1996
726,525,David Oliver,24,EDM,RW,80,20,19,39,-22,34,2.4,6,14,0,0,12,7,0,131,15.3,,,1996
727,526,Christer Olsson,25,STL,D,26,2,8,10,-6,14,1.7,0,2,0,0,0,8,0,32,6.3,,,1996
728,527,Joel Otto,34,PHI,C,67,12,29,41,11,115,3.1,5,6,1,1,19,8,2,91,13.2,,,1996
729,528,Sandis Ozoliņš,23,TOT,D,73,14,40,54,2,54,7.3,5,8,1,1,16,24,0,166,8.4,,,1996
732,529,Ziggy Pálffy,23,NYI,RW,81,43,44,87,-17,56,8.9,25,17,1,6,21,22,1,257,16.7,,,1996
733,530,Grigorijs Panteļejevs,23,NYI,LW,4,0,0,0,-3,0,-0.2,0,0,0,0,0,0,0,1,0.0,,,1996
734,531,Richard Park,19,PIT,C,56,4,6,10,3,36,-0.6,3,0,1,1,5,0,1,62,6.5,,,1996
735,532,James Patrick,32,CGY,D,80,3,32,35,3,30,6.3,2,1,0,0,15,16,1,116,2.6,,,1996
736,533,Ed Patterson,23,PIT,RW,35,0,2,2,-5,38,-1.2,0,0,0,0,1,0,1,17,0.0,,,1996
737,534,Davis Payne,25,BOS,LW,7,0,0,0,0,7,-0.2,0,0,0,0,0,0,0,2,0.0,,,1996
738,535,Pat Peake,22,WSH,RW,62,17,19,36,7,46,3.3,9,8,0,3,13,6,0,129,13.2,,,1996
739,536,Rob Pearson,24,STL,RW,27,6,4,10,4,54,0.9,5,1,0,1,4,0,0,51,11.8,,,1996
740,537,Scott Pearson,26,BUF,LW,27,4,0,4,-4,67,-0.1,4,0,0,1,0,0,0,26,15.4,,,1996
741,538,Michael Peca,21,BUF,C,68,11,20,31,-1,67,1.9,4,4,3,1,15,4,1,109,10.1,,,1996
742,539,Denis Pederson,20,NJD,C,10,3,1,4,-1,0,0.4,2,1,0,2,1,0,0,6,50.0,,,1996
743,540,Tom Pederson,26,SJS,D,60,1,4,5,-9,40,0.9,0,1,0,1,3,0,1,59,1.7,,,1996
745,541,Scott Pellerin,26,NJD,RW,6,2,1,3,1,0,0.3,2,0,0,0,1,0,0,9,22.2,,,1996
746,542,Ville Peltonen,22,SJS,LW,31,2,11,13,-7,14,0.3,2,0,0,0,10,1,0,58,3.4,,,1996
747,543,Mike Peluso,30,NJD,LW,57,3,8,11,4,146,0.1,3,0,0,0,8,0,0,41,7.3,,,1996
748,544,Yanic Perreault,24,LAK,C,78,25,24,49,-11,16,4.0,14,8,3,7,14,9,1,175,14.3,,,1996
749,545,Ricard Persson,26,NJD,D,12,2,1,3,5,8,1.4,1,1,0,0,0,1,0,41,4.9,,,1996
750,546,Michel Petit,31,TOT,D,54,4,8,12,-11,135,2.8,4,0,0,1,3,5,0,68,5.9,,,1996
753,547,Oleg Petrov,24,MTL,RW,36,4,7,11,-9,23,0.1,4,0,0,2,6,1,0,44,9.1,,,1996
754,548,Róbert Petrovický,22,DAL,C,5,1,1,2,1,0,0.2,0,1,0,1,0,1,0,3,33.3,,,1996
755,549,Michel Picard,26,OTT,LW,17,2,6,8,-1,10,0.5,2,0,0,1,4,2,0,21,9.5,,,1996
756,550,Rich Pilon,27,NYI,D,27,0,3,3,-9,72,0.4,0,0,0,0,3,0,0,7,0.0,,,1996
757,551,Lance Pitlick,28,OTT,D,28,1,6,7,-8,20,1.1,1,0,0,0,6,0,0,13,7.7,,,1996
758,552,Michal Pivoňka,30,WSH,C,73,16,65,81,18,36,7.1,8,6,2,5,45,18,2,168,9.5,,,1996
759,553,Dan Plante,24,NYI,LW,73,5,3,8,-22,50,-1.4,3,0,2,0,2,0,1,103,4.9,,,1996
760,554,Derek Plante,25,BUF,C,76,23,33,56,-4,28,4.8,19,4,0,5,22,10,1,203,11.3,,,1996
761,555,Adrien Plavsic,26,TBL,D,7,1,2,3,5,6,1.0,1,0,0,0,2,0,0,4,25.0,,,1996
762,556,Steve Poapst,27,WSH,D,3,1,0,1,-1,0,0.2,1,0,0,1,0,0,0,2,50.0,,,1996
763,557,Shjon Podein,27,PHI,LW,79,15,10,25,25,89,2.2,11,0,4,4,8,1,1,115,13.0,,,1996
764,558,Rudy Poeschek,29,TBL,RW,57,1,3,4,-2,88,-0.9,1,0,0,0,3,0,0,36,2.8,,,1996
765,559,Peter Popovic,27,MTL,D,76,2,12,14,21,69,5.0,2,0,0,0,10,2,0,59,3.4,,,1996
766,560,Barry Potomski,23,LAK,LW,33,3,2,5,-7,104,-0.4,2,1,0,0,2,0,0,23,13.0,,,1996
768,561,Marc Potvin,29,BOS,RW,27,0,0,0,-2,12,-0.8,0,0,0,0,0,0,0,14,0.0,,,1996
769,562,Patrick Poulin,22,TOT,LW,46,7,9,16,7,16,0.9,6,1,0,0,9,0,0,51,13.7,,,1996
772,563,Wayne Presley,30,TOT,RW,80,6,8,14,3,85,-0.3,4,1,1,2,7,1,0,113,5.3,,,1996
775,564,Keith Primeau,24,DET,C,74,27,25,52,19,168,5.4,19,6,2,7,14,9,2,150,18.0,,,1996
776,565,Wayne Primeau,19,BUF,C,2,0,0,0,0,0,-0.1,0,0,0,0,0,0,0,0,,,,1996
777,566,Bob Probert,30,CHI,RW,78,19,21,40,15,237,3.3,18,1,0,3,17,4,0,97,19.6,,,1996
778,567,Mike Prokopec,21,CHI,RW,9,0,0,0,-4,5,-0.4,0,0,0,0,0,0,0,5,0.0,,,1996
779,568,Chris Pronger*,21,STL,D,78,7,18,25,-18,110,4.8,3,3,1,1,10,8,0,138,5.1,,,1996
780,569,Sean Pronger,23,MDA,C,7,0,1,1,0,6,-0.1,0,0,0,0,1,0,0,3,0.0,,,1996
781,570,Jamie Pushor,22,DET,D,5,0,1,1,2,17,0.4,0,0,0,0,1,0,0,6,0.0,,,1996
782,571,Dan Quinn,30,TOT,C,63,13,32,45,-6,46,3.3,6,7,0,0,21,11,0,109,11.9,,,1996
785,572,Deron Quint,19,WIN,D,51,5,13,18,-2,22,2.9,3,2,0,0,8,5,0,97,5.2,,,1996
786,573,Stéphane Quintal,27,MTL,D,68,2,14,16,-4,117,3.3,1,0,1,1,7,6,1,104,1.9,,,1996
787,574,Yves Racine,26,TOT,D,57,1,19,20,-10,54,2.4,1,0,0,0,12,7,0,51,2.0,,,1996
790,575,Marcus Ragnarsson,24,SJS,D,71,8,31,39,-24,42,3.7,4,4,0,0,18,13,0,94,8.5,,,1996
791,576,Mike Ramsey,35,DET,D,47,2,4,6,17,35,3.6,2,0,0,0,4,0,0,35,5.7,,,1996
792,577,Paul Ranheim,30,HAR,LW,73,10,20,30,-2,14,1.6,9,0,1,1,16,2,2,126,7.9,,,1996
793,578,Mike Rathje,21,SJS,D,27,0,7,7,-16,14,0.0,0,0,0,0,3,4,0,26,0.0,,,1996
794,579,Rob Ray,27,BUF,LW,71,3,6,9,-8,287,-1.0,3,0,0,0,6,0,0,21,14.3,,,1996
795,580,Mark Recchi*,27,MTL,RW,82,28,50,78,20,69,7.8,15,11,2,6,31,19,0,191,14.7,,,1996
797,581,Joe Reekie,30,WSH,D,78,3,7,10,7,149,4.9,3,0,0,0,7,0,0,52,5.8,,,1996
798,582,Dave Reid,31,BOS,C,63,23,21,44,14,4,4.6,16,1,6,3,20,0,1,160,14.4,,,1996
799,583,Mikael Renberg,23,PHI,RW,51,23,20,43,8,45,4.6,14,9,0,4,12,8,0,198,11.6,,,1996
800,584,Mike Ricci,24,COL,C,62,6,21,27,1,52,1.0,3,3,0,1,14,7,0,73,8.2,,,1996
801,585,Steven Rice,24,HAR,RW,59,10,12,22,-4,47,1.2,9,1,0,2,9,3,0,108,9.3,,,1996
802,586,Travis Richards,25,DAL,D,1,0,0,0,-1,2,0.0,0,0,0,0,0,0,0,0,,,,1996
803,587,Luke Richardson,26,EDM,D,82,2,9,11,-27,108,1.8,2,0,0,0,7,0,2,61,3.3,,,1996
804,588,Stéphane Richer,29,NJD,RW,73,20,12,32,-8,30,2.8,13,3,4,3,10,1,1,192,10.4,,,1996
805,589,Barry Richter,25,NYR,D,4,0,1,1,2,0,0.3,0,0,0,0,1,0,0,3,0.0,,,1996
806,590,Mike Ridley,32,VAN,C,37,6,15,21,-3,29,1.2,4,2,0,1,12,3,0,32,18.8,,,1996
807,591,Jamie Rivers,20,STL,D,3,0,0,0,-1,2,0.1,0,0,0,0,0,0,0,5,0.0,,,1996
808,592,Craig Rivet,21,MTL,D,19,1,4,5,4,54,1.3,1,0,0,0,4,0,0,9,11.1,,,1996
809,593,David Roberts,25,TOT,LW,34,3,10,13,-7,18,0.4,2,1,0,1,8,2,0,47,6.4,,,1996
812,594,Gary Roberts,29,CGY,LW,35,22,20,42,15,78,5.3,13,9,0,5,13,7,0,84,26.2,,,1996
813,595,Luc Robitaille*,29,NYR,LW,77,23,46,69,13,80,6.1,12,11,0,4,31,15,0,223,10.3,,,1996
814,596,Dave Roche,20,PIT,LW,71,7,7,14,-5,130,-0.8,7,0,0,1,7,0,0,65,10.8,,,1996
815,597,Jeremy Roenick,26,CHI,LW,66,32,35,67,9,109,6.9,16,12,4,2,25,7,3,171,18.7,,,1996
816,598,Leif Rohlin,27,VAN,D,56,6,16,22,0,32,3.6,5,1,0,0,9,7,0,72,8.3,,,1996
817,599,Jon Rohloff,26,BOS,D,79,1,12,13,-8,59,2.7,0,1,0,0,5,5,2,106,0.9,,,1996
818,600,Brian Rolston,22,NJD,C,58,13,11,24,9,8,2.3,9,3,1,4,7,4,0,139,9.4,,,1996
820,601,Russell Romaniuk,25,PHI,LW,17,3,0,3,-2,17,0.0,2,1,0,0,0,0,0,13,23.1,,,1996
821,602,Ed Ronan,27,WIN,RW,17,0,0,0,-3,16,-0.6,0,0,0,0,0,0,0,13,0.0,,,1996
822,603,Cliff Ronning,30,VAN,C,79,22,45,67,16,42,5.9,17,5,0,1,35,10,0,187,11.8,,,1996
823,604,Bob Rouse,31,DET,D,58,0,6,6,5,48,3.0,0,0,0,0,6,0,0,49,0.0,,,1996
824,605,André Roy,20,BOS,LW,3,0,0,0,0,0,-0.1,0,0,0,0,0,0,0,0,,,,1996
825,606,Jean-Yves Roy,26,OTT,RW,4,1,1,2,3,2,0.3,1,0,0,0,1,0,0,6,16.7,,,1996
826,607,Steve Rucchin,24,MDA,C,64,19,25,44,3,12,3.8,10,8,1,4,14,11,0,113,16.8,,,1996
827,608,Martin Ručinský,24,TOT,LW,78,29,46,75,18,68,7.5,18,9,2,4,30,14,2,181,16.0,,,1996
830,609,Darren Rumble,27,PHI,D,5,0,0,0,0,4,0.2,0,0,0,0,0,0,0,7,0.0,,,1996
831,610,Cam Russell,27,CHI,D,61,2,2,4,8,129,2.8,2,0,0,0,2,0,0,22,9.1,,,1996
832,611,Warren Rychel,28,COL,LW,52,6,2,8,6,147,-0.2,6,0,0,1,2,0,0,45,13.3,,,1996
833,612,David Sacco,25,MDA,LW,23,4,10,14,1,18,1.0,2,2,0,0,8,2,0,26,15.4,,,1996
834,613,Joe Sacco,26,MDA,RW,76,13,14,27,1,40,1.4,10,1,2,2,12,1,1,132,9.8,,,1996
835,614,Joe Sakic*,26,COL,C,82,51,69,120,14,44,12.8,28,17,6,7,34,33,2,339,15.0,,,1996
836,615,Kjell Samuelsson,37,PHI,D,75,3,11,14,20,81,5.4,3,0,0,1,11,0,0,62,4.8,,,1996
837,616,Ulf Samuelsson,31,NYR,D,74,1,18,19,9,122,4.2,1,0,0,0,15,3,0,66,1.5,,,1996
838,617,Geoff Sanderson,23,HAR,LW,81,34,31,65,0,40,6.6,28,6,0,7,16,15,0,314,10.8,,,1996
839,618,Jim Sandlak,29,VAN,RW,33,4,2,6,-3,6,-0.2,3,0,1,1,2,0,0,44,9.1,,,1996
840,619,Tomas Sandström,31,PIT,RW,58,35,35,70,4,69,7.0,17,17,1,2,19,13,3,187,18.7,,,1996
841,620,Yves Sarault,23,TOT,LW,25,2,1,3,-9,8,-0.5,2,0,0,1,1,0,0,26,7.7,,,1996
845,621,Miroslav Šatan,21,EDM,RW,62,18,17,35,0,22,3.1,12,6,0,4,12,5,0,113,15.9,,,1996
846,622,Brian Savage,24,MTL,LW,75,25,8,33,-8,28,2.8,21,4,0,4,5,3,0,150,16.7,,,1996
847,623,Denis Savard*,34,CHI,C,69,13,35,48,20,102,3.9,11,2,0,1,27,8,0,110,11.8,,,1996
848,624,Kevin Sawyer,21,TOT,LW,8,0,0,0,-1,28,-0.2,0,0,0,0,0,0,0,1,0.0,,,1996
851,625,Mathieu Schneider,26,TOT,D,78,13,41,54,-20,103,6.8,6,7,0,1,8,33,0,191,6.8,,,1996
854,626,Teemu Selänne*,25,TOT,RW,79,40,68,108,5,22,10.9,30,9,1,5,29,39,0,267,15.0,,,1996
857,627,Alexander Selivanov,24,TBL,RW,79,31,21,52,3,93,5.6,18,13,0,5,16,5,0,215,14.4,,,1996
858,628,Alexander Semak,29,NYI,C,69,20,14,34,-4,68,2.9,14,6,0,2,10,4,0,128,15.6,,,1996
859,629,Anatoli Semenov,33,TOT,C,56,4,22,26,-1,24,1.1,4,0,0,2,16,6,0,79,5.1,,,1996
862,630,Brent Severyn,29,NYI,D,65,1,8,9,3,180,2.8,1,0,0,0,8,0,0,40,2.5,,,1996
863,631,Brendan Shanahan*,27,HAR,LW,74,44,34,78,2,125,8.9,25,17,2,6,19,14,1,280,15.7,,,1996
864,632,Darrin Shannon,26,WIN,LW,63,5,18,23,-5,28,0.5,5,0,0,1,17,1,0,74,6.8,,,1996
865,633,Darryl Shannon,27,TOT,D,74,4,13,17,15,92,4.5,4,0,0,0,10,1,2,59,6.8,,,1996
868,634,Jeff Shantz,22,CHI,C,78,6,14,20,12,24,0.4,3,1,2,0,13,0,1,72,8.3,,,1996
869,635,David Shaw,31,TBL,D,66,1,11,12,5,64,4.2,1,0,0,0,10,1,0,90,1.1,,,1996
870,636,Ray Sheppard,29,TOT,RW,70,37,23,60,-19,16,6.0,23,14,0,7,14,9,0,231,16.0,,,1996
874,637,Gary Shuchuk,28,LAK,RW,33,4,10,14,3,12,0.8,4,0,0,0,10,0,0,22,18.2,,,1996
875,638,Mike Sillinger,24,TOT,RW,74,14,24,38,-18,38,1.9,6,7,1,2,15,9,0,159,8.8,,,1996
878,639,Chris Simon,24,COL,LW,64,16,18,34,10,250,2.7,12,4,0,1,15,3,0,105,15.2,,,1996
879,640,Reid Simpson,26,NJD,LW,23,1,5,6,2,79,0.2,1,0,0,0,5,0,0,8,12.5,,,1996
881,641,Todd Simpson,22,CGY,D,6,0,0,0,0,32,0.2,0,0,0,0,0,0,0,3,0.0,,,1996
882,642,Jarrod Skalde,24,CGY,C,1,0,0,0,0,0,0.0,0,0,0,0,0,0,0,0,,,,1996
883,643,Brian Skrudland,32,FLA,C,79,7,20,27,6,129,1.2,6,0,1,1,18,1,1,90,7.8,,,1996
884,644,John Slaney,23,TOT,D,38,6,14,20,7,14,3.6,2,3,1,0,7,5,2,75,8.0,,,1996
887,645,Jiří Šlégr,24,EDM,D,57,4,13,17,-1,74,3.4,3,0,1,1,8,5,0,91,4.4,,,1996
888,646,Geoff Smith,26,FLA,D,31,3,7,10,-4,20,2.1,1,2,0,0,7,0,0,34,8.8,,,1996
889,647,Jason Smith,22,NJD,D,64,2,1,3,5,86,4.0,2,0,0,0,1,0,0,52,3.8,,,1996
890,648,Steve Smith,32,CHI,D,37,0,9,9,12,71,2.6,0,0,0,0,7,2,0,17,0.0,,,1996
891,649,Bryan Smolinski,24,PIT,C,81,24,40,64,6,69,4.9,14,8,2,1,30,10,0,229,10.5,,,1996
892,650,Brad Smyth,22,FLA,RW,7,1,1,2,-3,4,0.0,0,1,0,0,0,1,0,12,8.3,,,1996
893,651,Kevin Smyth,22,HAR,LW,21,2,1,3,-5,8,-0.3,1,1,0,0,1,0,0,27,7.4,,,1996
894,652,Ryan Smyth,19,EDM,LW,48,2,9,11,-10,28,-0.4,1,1,0,0,9,0,0,65,3.1,,,1996
895,653,Steve Staios,22,BOS,D,12,0,0,0,-5,4,0.0,0,0,0,0,0,0,0,4,0.0,,,1996
896,654,Nick Stajduhar,21,EDM,D,2,0,0,0,2,4,0.2,0,0,0,0,0,0,0,1,0.0,,,1996
897,655,Mike Stapleton,29,WIN,C,58,10,14,24,-4,37,1.2,6,3,1,0,14,0,0,91,11.0,,,1996
898,656,Ronnie Stern,29,CGY,RW,52,10,5,15,2,111,1.0,10,0,0,1,4,1,0,64,15.6,,,1996
899,657,Kevin Stevens,30,TOT,LW,61,13,23,36,-10,71,2.3,7,6,0,1,18,5,0,170,7.6,,,1996
902,658,Scott Stevens*,31,NJD,D,82,5,23,28,7,100,7.5,2,2,1,1,15,8,0,174,2.9,,,1996
903,659,Jeremy Stevenson,21,MDA,LW,3,0,1,1,1,12,0.0,0,0,0,0,1,0,0,1,0.0,,,1996
904,660,Turner Stevenson,23,MTL,RW,80,9,16,25,-2,167,0.8,9,0,0,2,14,2,0,101,8.9,,,1996
906,661,Cam Stewart,24,BOS,C,6,0,0,0,-2,0,-0.2,0,0,0,0,0,0,0,2,0.0,,,1996
907,662,Cory Stillman,22,CGY,LW,74,16,19,35,-5,41,2.5,11,4,1,3,6,13,0,132,12.1,,,1996
908,663,Alek Stojanov,22,TOT,RW,68,1,1,2,-13,130,-2.2,1,0,0,0,1,0,0,20,5.0,,,1996
911,664,Jim Storm,24,DAL,LW,10,1,2,3,-1,17,0.1,1,0,0,1,1,1,0,11,9.1,,,1996
912,665,Martin Straka,23,TOT,LW,77,13,30,43,-19,41,2.5,7,6,0,1,21,9,0,98,13.3,,,1996
916,666,Jason Strudwick,20,NYI,D,1,0,0,0,0,7,0.0,0,0,0,0,0,0,0,0,,,,1996
917,667,Jozef Stümpel,23,BOS,C,76,18,36,54,-8,14,4.0,13,5,0,2,21,15,0,158,11.4,,,1996
918,668,Mike Sullivan,27,CGY,LW,81,9,12,21,-6,24,0.4,8,0,1,1,10,0,2,106,8.5,,,1996
919,669,Steve Sullivan,21,NJD,C,16,5,4,9,3,8,1.0,3,2,0,1,2,2,0,23,21.7,,,1996
920,670,Niklas Sundblad,23,CGY,RW,2,0,0,0,0,0,-0.1,0,0,0,0,0,0,0,3,0.0,,,1996
921,671,Mats Sundin*,24,TOR,RW,76,33,50,83,8,46,8.7,20,7,6,7,27,23,0,301,11.0,,,1996
922,672,Niklas Sundström,20,NYR,C,82,9,12,21,2,14,0.3,7,1,1,2,12,0,0,90,10.0,,,1996
923,673,Gary Suter,31,CHI,D,82,20,47,67,3,80,10.0,6,12,2,4,15,29,3,242,8.3,,,1996
924,674,Brent Sutter,33,CHI,C,80,13,27,40,14,56,2.7,13,0,0,3,26,1,0,102,12.7,,,1996
925,675,Ron Sutter,32,BOS,C,18,5,7,12,10,24,1.3,4,0,1,0,6,0,1,34,14.7,,,1996
926,676,Ken Sutton,26,TOT,D,38,0,8,8,-13,43,1.0,0,0,0,0,4,4,0,41,0.0,,,1996
929,677,Róbert Švehla,27,FLA,D,81,8,49,57,-3,94,8.6,1,7,0,0,20,27,2,146,5.5,,,1996
930,678,Magnus Svensson,32,FLA,D,27,2,9,11,-1,21,2.1,0,2,0,1,2,7,0,58,3.4,,,1996
931,679,Petr Svoboda,29,PHI,D,73,1,28,29,28,105,7.0,1,0,0,0,15,13,0,91,1.1,,,1996
932,680,Bob Sweeney,32,TOT,C,72,7,7,14,-20,65,-0.6,6,0,1,1,7,0,0,62,11.3,,,1996
936,681,Don Sweeney,29,BOS,D,77,4,24,28,-4,42,4.5,2,2,0,3,16,6,2,142,2.8,,,1996
937,682,Tim Sweeney,28,BOS,LW,41,8,8,16,4,14,1.1,7,1,0,2,6,2,0,47,17.0,,,1996
938,683,Darryl Sydor,23,TOT,D,84,3,17,20,-12,75,3.5,1,2,0,0,9,8,0,117,2.6,,,1996
941,684,Michal Sýkora,22,SJS,D,79,4,16,20,-14,54,2.5,3,1,0,0,16,0,0,80,5.0,,,1996
942,685,Petr Sýkora,19,NJD,C,63,18,24,42,7,32,4.2,10,8,0,3,13,11,0,128,14.1,,,1996
943,686,Chris Tamer,25,PIT,D,70,4,10,14,20,153,3.3,4,0,0,1,8,1,1,75,5.3,,,1996
944,687,Chris Tancill,27,SJS,LW,45,7,16,23,-12,20,1.0,6,0,1,0,13,2,1,93,7.5,,,1996
945,688,Patrice Tardif,25,TOT,C,38,4,1,5,-11,49,-0.5,3,1,0,1,1,0,0,50,8.0,,,1996
948,689,Chris Taylor,23,NYI,C,11,0,1,1,1,2,-0.1,0,0,0,0,1,0,0,4,0.0,,,1996
949,690,Tim Taylor,26,DET,C,72,11,14,25,11,39,1.5,9,1,1,4,14,0,0,81,13.6,,,1996
950,691,Chris Therien,24,PHI,D,82,6,17,23,16,89,6.5,3,3,0,1,16,1,0,123,4.9,,,1996
951,692,Steve Thomas,32,NJD,LW,81,26,35,61,-2,98,5.9,20,6,0,6,24,11,0,192,13.5,,,1996
952,693,Brent Thompson,25,WIN,D,10,0,1,1,-2,21,0.2,0,0,0,0,1,0,0,7,0.0,,,1996
953,694,Scott Thornton,25,EDM,C,77,9,9,18,-25,149,-0.4,7,0,2,3,7,2,0,95,9.5,,,1996
954,695,Milan Tichý,26,NYI,D,8,0,4,4,3,8,0.8,0,0,0,0,4,0,0,6,0.0,,,1996
955,696,Esa Tikkanen,31,TOT,LW,58,14,30,44,1,36,3.5,5,8,1,2,16,14,0,95,14.7,,,1996
959,697,Mark Tinordi,29,WSH,D,71,3,10,13,26,113,6.1,1,2,0,0,7,3,0,82,3.7,,,1996
960,698,German Titov,30,CGY,LW,82,28,39,67,9,24,6.6,13,13,2,2,21,14,4,214,13.1,,,1996
961,699,Keith Tkachuk,23,WIN,LW,76,50,48,98,11,156,11.2,28,20,2,6,26,21,1,249,20.1,,,1996
962,700,Rick Tocchet,31,TOT,RW,71,29,31,60,10,181,6.2,19,10,0,3,21,10,0,185,15.7,,,1996
966,701,Kevin Todd,27,LAK,C,74,16,27,43,6,38,3.3,14,0,2,4,24,3,0,132,12.1,,,1996
967,702,Jeff Toms,21,TBL,LW,1,0,0,0,0,0,0.0,0,0,0,0,0,0,0,1,0.0,,,1996
968,703,Pavel Torgaev,30,CGY,LW,41,6,10,16,2,14,1.0,6,0,0,0,10,0,0,50,12.0,,,1996
969,704,Antti Törmänen,25,OTT,RW,50,7,8,15,-15,28,0.4,7,0,0,0,7,0,1,68,10.3,,,1996
970,705,Patrick Traverse,21,OTT,D,5,0,0,0,-1,2,0.1,0,0,0,0,0,0,0,2,0.0,,,1996
971,706,Denis Tsygurov,24,LAK,D,18,1,5,6,0,22,1.1,0,1,0,0,4,1,0,21,4.8,,,1996
972,707,Vladimir Tsyplakov,26,LAK,LW,23,5,5,10,1,4,0.7,5,0,0,0,3,2,0,40,12.5,,,1996
973,708,Darcy Tucker,20,MTL,C,3,0,0,0,-1,0,-0.1,0,0,0,0,0,0,0,1,0.0,,,1996
974,709,John Tucker,31,TBL,RW,63,3,7,10,-8,18,-0.6,2,0,1,0,6,0,1,53,5.7,,,1996
975,710,Darren Turcotte,27,TOT,C,68,22,21,43,5,30,4.0,19,2,1,4,14,6,1,167,13.2,,,1996
978,711,Pierre Turgeon,26,MTL,C,80,38,58,96,19,44,10.2,20,17,1,6,39,18,1,297,12.8,,,1996
979,712,Oleg Tverdovsky,19,TOT,D,82,7,23,30,-7,41,4.9,5,2,0,0,17,6,0,119,5.9,,,1996
982,713,Tony Twist,27,STL,LW,51,3,2,5,-1,100,-0.5,3,0,0,1,2,0,0,12,25.0,,,1996
983,714,Igor Ulanov,26,TOT,D,64,3,9,12,11,116,4.0,3,0,0,1,9,0,0,37,8.1,,,1996
986,715,Stefan Ustorf,22,WSH,RW,48,7,10,17,8,14,1.1,7,0,0,1,8,0,2,39,17.9,,,1996
987,716,Garry Valk,28,MDA,LW,79,12,12,24,8,125,1.2,10,1,1,2,10,2,0,108,11.1,,,1996
988,717,Shaun Van Allen,28,MDA,C,49,8,17,25,13,41,1.9,8,0,0,2,14,2,1,78,10.3,,,1996
989,718,Darren Van Impe,22,MDA,D,16,1,2,3,8,14,1.3,1,0,0,1,2,0,0,13,7.7,,,1996
990,719,Václav Varaďa,19,BUF,LW,1,0,0,0,0,0,0.0,0,0,0,0,0,0,0,2,0.0,,,1996
991,720,Alexander Vasilevski,21,STL,RW,1,0,0,0,-1,0,-0.1,0,0,0,0,0,0,0,0,,,,1996
993,721,Andrei Vasilyev,23,NYI,LW,10,2,5,7,4,2,0.7,2,0,0,1,5,0,0,12,16.7,,,1996
994,722,Dennis Vaske,28,NYI,D,19,1,6,7,-13,21,0.4,0,1,0,1,1,5,0,19,5.3,,,1996
995,723,Pat Verbeek,31,NYR,RW,69,41,41,82,29,129,9.5,24,17,0,6,25,16,0,252,16.3,,,1996
996,724,Dennis Vial,26,OTT,D,64,1,4,5,-13,276,1.9,1,0,0,0,4,0,0,33,3.0,,,1996
997,725,Vesa Viitakoski,24,CGY,LW,5,0,0,0,-1,2,-0.2,0,0,0,0,0,0,0,7,0.0,,,1996
998,726,Phil Von Stefenelli,26,BOS,D,27,0,4,4,2,16,1.2,0,0,0,0,4,0,0,20,0.0,,,1996
999,727,Jan Vopat,22,LAK,D,11,1,4,5,3,4,1.0,1,0,0,0,1,3,0,13,7.7,,,1996
1000,728,Roman Vopat,19,STL,C,25,2,3,5,-8,48,-0.2,1,1,0,1,3,0,0,33,6.1,,,1996
1001,729,Mick Vukota,29,NYI,RW,32,1,1,2,-3,106,-0.6,1,0,0,0,1,0,0,11,9.1,,,1996
1002,730,Scott Walker,22,VAN,D,63,4,8,12,-7,137,2.3,3,0,1,1,7,0,1,45,8.9,,,1996
1003,731,Wes Walz,25,DET,C,2,0,0,0,0,0,-0.1,0,0,0,0,0,0,0,2,0.0,,,1996
1004,732,Dixon Ward,27,BUF,RW,8,2,2,4,1,6,0.3,2,0,0,1,2,0,0,12,16.7,,,1996
1005,733,Ed Ward,26,CGY,RW,41,3,5,8,-2,44,-0.1,3,0,0,0,5,0,0,33,9.1,,,1996
1006,734,Rhett Warrener,20,FLA,D,28,0,3,3,4,46,1.6,0,0,0,0,3,0,0,19,0.0,,,1996
1007,735,Todd Warriner,22,TOR,C,57,7,8,15,-11,26,0.2,6,1,0,0,8,0,0,79,8.9,,,1996
1008,736,Steve Washburn,20,FLA,C,1,0,1,1,1,0,0.1,0,0,0,0,1,0,0,1,0.0,,,1996
1009,737,Doug Weight,25,EDM,C,82,25,79,104,-19,95,8.5,16,9,0,2,42,37,0,204,12.3,,,1996
1010,738,Eric Weinrich,29,CHI,D,77,5,10,15,14,65,4.9,5,0,0,0,9,1,0,76,6.6,,,1996
1011,739,Chris Wells,20,PIT,C,54,2,2,4,-6,59,-1.5,1,0,1,0,2,0,0,25,8.0,,,1996
1012,740,Jay Wells,36,STL,D,76,0,3,3,-8,67,2.8,0,0,0,0,3,0,0,24,0.0,,,1996
1014,741,Brad Werenka,26,CHI,D,9,0,0,0,-2,8,0.1,0,0,0,0,0,0,0,2,0.0,,,1996
1015,742,Glen Wesley,27,HAR,D,68,8,16,24,-9,88,4.1,2,6,0,1,7,9,0,129,6.2,,,1996
1016,743,Peter White,26,TOT,C,27,5,3,8,-14,0,0.0,4,1,0,0,2,1,0,34,14.7,,,1996
1019,744,Ray Whitney,23,SJS,C,60,17,24,41,-23,16,2.8,11,4,2,2,15,8,1,106,16.0,,,1996
1020,745,Jason Widmer,22,NYI,D,4,0,0,0,0,7,0.1,0,0,0,0,0,0,0,1,0.0,,,1996
1021,746,Jason Wiemer,19,TBL,LW,66,9,9,18,-9,81,0.6,5,4,0,1,6,3,0,89,10.1,,,1996
1022,747,David Wilkie,21,MTL,D,24,1,5,6,-10,10,0.7,0,1,0,0,3,2,0,39,2.6,,,1996
1023,748,Neil Wilkinson,28,TOT,D,62,3,14,17,12,120,3.2,2,0,1,1,14,0,0,59,5.1,,,1996
1026,749,Landon Wilson,20,COL,RW,7,1,0,1,3,6,0.1,1,0,0,0,0,0,0,6,16.7,,,1996
1027,750,Mike Wilson,20,BUF,D,58,4,8,12,13,41,3.9,3,1,0,1,7,0,1,52,7.7,,,1996
1028,751,Brendan Witt,20,WSH,D,48,2,3,5,-4,85,2.4,2,0,0,1,3,0,0,44,4.5,,,1996
1029,752,Craig Wolanin,28,COL,D,75,7,20,27,25,50,5.8,4,0,3,0,18,1,1,73,9.6,,,1996
1030,753,Dody Wood,23,SJS,C,32,3,6,9,0,138,0.2,2,0,1,0,6,0,0,33,9.1,,,1996
1031,754,Randy Wood,32,TOT,LW,76,8,13,21,-15,62,0.2,7,1,0,0,12,0,1,159,5.0,,,1996
1034,755,Jason Woolley,26,FLA,D,52,6,28,34,-9,32,4.9,3,3,0,0,9,19,0,98,6.1,,,1996
1035,756,Tyler Wright,22,EDM,C,23,1,0,1,-7,33,-0.6,1,0,0,0,0,0,0,18,5.6,,,1996
1036,757,Vitali Yachmenev,21,LAK,RW,80,19,34,53,-3,16,4.0,12,6,1,2,15,18,1,133,14.3,,,1996
1037,758,Alexei Yashin,22,OTT,C,46,15,24,39,-15,28,3.3,7,8,0,1,17,7,0,143,10.5,,,1996
1038,759,Trent Yawney,30,CGY,D,69,0,3,3,-1,88,2.6,0,0,0,0,2,1,0,51,0.0,,,1996
1039,760,Alexei Yegorov,20,SJS,RW,9,3,2,5,-5,2,0.3,1,2,0,0,2,0,0,10,30.0,,,1996
1041,761,Stéphane Yelle,21,COL,LW,71,13,14,27,15,30,1.8,11,0,2,1,11,1,2,93,14.0,,,1996
1042,762,Jason York,25,MDA,D,79,3,21,24,-7,88,4.2,3,0,0,0,15,6,0,106,2.8,,,1996
1043,763,Scott Young,28,COL,RW,81,21,39,60,2,50,4.6,14,7,0,5,27,11,1,229,9.2,,,1996
1044,764,Paul Ysebaert,29,TBL,LW,55,16,15,31,-19,16,2.3,11,4,1,1,9,6,0,135,11.9,,,1996
1045,765,Dmitry Yushkevich,24,TOR,D,69,1,10,11,-14,54,2.6,0,1,0,0,7,2,1,96,1.0,,,1996
1046,766,Steve Yzerman*,30,DET,C,80,36,59,95,29,64,10.0,18,16,2,8,32,22,5,220,16.4,,,1996
1047,767,Zarley Zalapski,27,CGY,D,80,12,17,29,11,115,7.1,7,5,0,1,12,5,0,145,8.3,,,1996
1048,768,Rob Zamuner,26,TBL,LW,72,15,20,35,11,62,3.1,12,0,3,4,17,2,1,152,9.9,,,1996
1049,769,Richard Zedník,20,WSH,LW,1,0,0,0,0,0,0.0,0,0,0,0,0,0,0,0,,,,1996
1050,770,Valeri Zelepukin,27,NJD,LW,61,6,9,15,-10,107,0.2,3,3,0,1,7,2,0,86,7.0,,,1996
1051,771,Rob Zettler,27,TOR,D,29,0,1,1,-1,48,1.0,0,0,0,0,1,0,0,11,0.0,,,1996
1052,772,Peter Zezel,30,STL,C,57,8,13,21,-2,12,1.2,6,2,0,1,5,7,1,87,9.2,,,1996
1053,773,Alexei Zhamnov,25,WIN,C,58,22,37,59,-4,65,5.4,17,5,0,2,14,23,0,199,11.1,,,1996
1054,774,Alexei Zhitnik,23,BUF,D,80,6,30,36,-25,58,4.4,1,5,0,0,10,18,2,193,3.1,,,1996
1055,775,Doug Zmolek,25,TOT,D,58,2,5,7,-5,87,2.2,2,0,0,0,3,2,0,36,5.6,,,1996
1058,776,Rick Zombo,32,BOS,D,67,4,10,14,-7,53,2.8,4,0,0,1,9,0,1,68,5.9,,,1996
1059,777,Sergei Zubov*,25,PIT,D,64,11,55,66,28,22,8.7,6,3,2,1,24,29,2,141,7.8,,,1996
